client_id,name,email,order_no,time,exchange,side,symbol,qty,price
CL0001,Ishaan Singh,CL0001@example.com,1548434750,10:25:57,NSE,B,HDFCBANK,430,949.97
CL0001,Ishaan Singh,CL0001@example.com,1360356828,11:33:32,BSE,S,SBIN,83,1426.65
CL0001,Ishaan Singh,CL0001@example.com,1587741275,13:41:02,BSE,S,BHARTIARTL,483,2914.68
CL0001,Ishaan Singh,CL0001@example.com,1250939629,13:54:07,NSE,S,TATAMOTORS,388,1095.35
CL0001,Ishaan Singh,CL0001@example.com,1712849536,13:54:12,BSE,S,ICICIBANK,393,3759.23
CL0001,Ishaan Singh,CL0001@example.com,1344223072,09:18:21,NSE,S,SBIN,179,753.55
CL0001,Ishaan Singh,CL0001@example.com,1230233015,10:56:08,NSE,S,ITC,488,1869.49
CL0002,Aarav Khan,CL0002@example.com,1311501784,12:26:39,BSE,S,BHARTIARTL,147,2857.04
CL0002,Aarav Khan,CL0002@example.com,1435627546,14:58:22,NSE,S,WIPRO,464,2163.43
CL0002,Aarav Khan,CL0002@example.com,1988067856,09:18:24,NSE,S,ICICIBANK,319,2165.19
CL0002,Aarav Khan,CL0002@example.com,1790451080,10:08:31,BSE,S,BHARTIARTL,179,1368.88
CL0002,Aarav Khan,CL0002@example.com,1337152361,11:33:02,NSE,B,HDFCBANK,52,350.57
CL0003,Ananya Khan,CL0003@example.com,1234208529,11:41:34,BSE,S,INFY,224,703.38
CL0003,Ananya Khan,CL0003@example.com,1667623155,10:23:11,NSE,B,HDFCBANK,263,537.42
CL0003,Ananya Khan,CL0003@example.com,1110451176,12:07:31,NSE,B,TATAMOTORS,24,342.47
CL0004,Diya Reddy,CL0004@example.com,1291290416,12:49:19,BSE,B,HDFCBANK,414,3379.68
CL0004,Diya Reddy,CL0004@example.com,1902156090,12:28:36,BSE,S,HDFCBANK,147,2399.22
CL0004,Diya Reddy,CL0004@example.com,1378685069,12:26:20,BSE,B,RELIANCE,133,1242.81
CL0004,Diya Reddy,CL0004@example.com,1745099301,11:21:23,NSE,B,ITC,339,3768.96
CL0004,Diya Reddy,CL0004@example.com,1307662680,10:30:37,BSE,S,TCS,102,722.95
CL0005,Rohan Sharma,CL0005@example.com,1694892687,13:42:58,BSE,S,ICICIBANK,198,252.39
CL0005,Rohan Sharma,CL0005@example.com,1965428673,09:42:56,BSE,B,WIPRO,244,332.68
CL0005,Rohan Sharma,CL0005@example.com,1301307945,10:14:37,BSE,S,ICICIBANK,334,2724.89
CL0005,Rohan Sharma,CL0005@example.com,1242974411,11:30:38,NSE,S,HDFCBANK,306,1509.67
CL0005,Rohan Sharma,CL0005@example.com,1855677692,10:42:45,NSE,B,WIPRO,347,3336.17
CL0006,Ananya Das,CL0006@example.com,1597680340,12:40:36,BSE,S,WIPRO,478,2987.13
CL0006,Ananya Das,CL0006@example.com,1713032446,10:02:49,NSE,B,TCS,460,334.34
CL0006,Ananya Das,CL0006@example.com,1690344897,11:31:22,NSE,B,INFY,18,480.18
CL0006,Ananya Das,CL0006@example.com,1986381110,13:04:00,BSE,S,TATAMOTORS,474,3884.23
CL0006,Ananya Das,CL0006@example.com,1620134859,11:13:18,BSE,B,TATAMOTORS,416,2557.39
CL0006,Ananya Das,CL0006@example.com,1228168820,14:59:08,NSE,S,SBIN,368,3215.03
CL0006,Ananya Das,CL0006@example.com,1966281420,12:55:45,BSE,S,WIPRO,93,712.12
CL0006,Ananya Das,CL0006@example.com,1456901006,11:07:36,NSE,S,HDFCBANK,121,1161.88
CL0007,Arjun Nair,CL0007@example.com,1926975158,13:39:03,NSE,S,SBIN,380,2221.48
CL0007,Arjun Nair,CL0007@example.com,1834399345,14:20:51,BSE,S,RELIANCE,302,782.64
CL0007,Arjun Nair,CL0007@example.com,1739702648,13:56:47,BSE,S,ITC,2,2289.79
CL0008,Ananya Nair,CL0008@example.com,1676615182,13:39:44,BSE,S,TCS,459,1333.43
CL0008,Ananya Nair,CL0008@example.com,1101573856,11:09:12,NSE,S,ITC,449,1552.55
CL0008,Ananya Nair,CL0008@example.com,1826561847,09:34:40,NSE,B,WIPRO,233,3729.54
CL0009,Arjun Das,CL0009@example.com,1671129831,14:26:20,NSE,S,ICICIBANK,314,3095.61
CL0009,Arjun Das,CL0009@example.com,1630708009,13:27:30,NSE,S,ITC,41,1504.09
CL0009,Arjun Das,CL0009@example.com,1576565640,10:24:53,BSE,S,ITC,278,1723.89
CL0009,Arjun Das,CL0009@example.com,1346100356,09:46:20,NSE,B,RELIANCE,373,1074.88
CL0010,Kabir Khan,CL0010@example.com,1187115565,12:57:35,NSE,S,ICICIBANK,296,1800.96
CL0010,Kabir Khan,CL0010@example.com,1945611374,13:07:29,BSE,B,WIPRO,399,499.18
CL0010,Kabir Khan,CL0010@example.com,1490374657,11:50:18,NSE,B,BHARTIARTL,188,3204.47
CL0011,Meera Iyer,CL0011@example.com,1517380240,14:54:53,BSE,B,HDFCBANK,176,3163.05
CL0011,Meera Iyer,CL0011@example.com,1421519440,10:47:45,BSE,S,TATAMOTORS,159,383.06
CL0011,Meera Iyer,CL0011@example.com,1542237102,14:53:26,NSE,B,BHARTIARTL,467,2140.67
CL0011,Meera Iyer,CL0011@example.com,1941544725,09:42:37,BSE,S,ITC,117,714.62
CL0011,Meera Iyer,CL0011@example.com,1253829254,14:40:46,BSE,S,SBIN,157,3302.17
CL0011,Meera Iyer,CL0011@example.com,1939968024,12:00:18,NSE,B,TATAMOTORS,290,1231.62
CL0011,Meera Iyer,CL0011@example.com,1918706443,11:34:29,BSE,B,ITC,448,3930.10
CL0011,Meera Iyer,CL0011@example.com,1538605170,09:11:27,NSE,S,BHARTIARTL,81,2291.15
CL0011,Meera Iyer,CL0011@example.com,1778980437,14:09:51,BSE,S,SBIN,117,622.47
CL0011,Meera Iyer,CL0011@example.com,1728341796,12:34:56,NSE,S,RELIANCE,165,3391.36
CL0012,Sara Nair,CL0012@example.com,1966615991,10:15:18,NSE,S,ICICIBANK,429,1599.63
CL0012,Sara Nair,CL0012@example.com,1640401875,12:05:58,NSE,S,TCS,277,1682.51
CL0012,Sara Nair,CL0012@example.com,1712953882,12:25:48,NSE,S,BHARTIARTL,298,2194.12
CL0012,Sara Nair,CL0012@example.com,1670546871,10:28:34,BSE,B,BHARTIARTL,38,1105.39
CL0012,Sara Nair,CL0012@example.com,1695502601,12:54:40,NSE,S,TCS,336,610.29
CL0013,Arjun Khan,CL0013@example.com,1402381472,11:46:24,BSE,S,HDFCBANK,167,1569.95
CL0013,Arjun Khan,CL0013@example.com,1757417352,11:17:00,NSE,B,ITC,36,140.14
CL0013,Arjun Khan,CL0013@example.com,1889435949,11:38:59,NSE,S,RELIANCE,144,1558.47
CL0013,Arjun Khan,CL0013@example.com,1980382842,10:49:21,NSE,S,HDFCBANK,208,3649.90
CL0014,Ishaan Sharma,CL0014@example.com,1627061963,14:44:18,BSE,S,ITC,256,2787.36
CL0014,Ishaan Sharma,CL0014@example.com,1337240144,12:12:52,BSE,B,ITC,30,1008.65
CL0014,Ishaan Sharma,CL0014@example.com,1655346246,12:38:46,BSE,S,HDFCBANK,322,3973.58
CL0014,Ishaan Sharma,CL0014@example.com,1486200502,13:50:19,BSE,S,INFY,299,2017.82
CL0014,Ishaan Sharma,CL0014@example.com,1282633499,13:26:26,NSE,B,SBIN,263,1348.69
CL0015,Ishaan Gupta,CL0015@example.com,1414889666,12:35:05,BSE,S,INFY,434,882.57
CL0015,Ishaan Gupta,CL0015@example.com,1456811699,10:45:56,BSE,S,TCS,273,3559.60
CL0015,Ishaan Gupta,CL0015@example.com,1803894479,09:57:07,BSE,B,ICICIBANK,500,626.10
CL0015,Ishaan Gupta,CL0015@example.com,1420502158,09:43:28,BSE,S,INFY,80,2407.23
CL0015,Ishaan Gupta,CL0015@example.com,1943037103,10:18:54,BSE,B,ICICIBANK,450,1842.72
CL0015,Ishaan Gupta,CL0015@example.com,1480475386,11:54:58,BSE,S,BHARTIARTL,232,3531.49
CL0016,Kabir Singh,CL0016@example.com,1380151892,12:49:32,BSE,B,TATAMOTORS,50,319.89
CL0016,Kabir Singh,CL0016@example.com,1610513755,13:43:55,NSE,B,BHARTIARTL,79,1212.98
CL0016,Kabir Singh,CL0016@example.com,1945486924,10:41:52,NSE,B,TATAMOTORS,357,1352.67
CL0017,Aarav Nair,CL0017@example.com,1921954849,09:31:22,NSE,B,ICICIBANK,274,2032.14
CL0017,Aarav Nair,CL0017@example.com,1584019488,14:17:41,NSE,S,RELIANCE,11,2727.53
CL0017,Aarav Nair,CL0017@example.com,1975240752,09:09:11,NSE,S,ITC,441,269.45
CL0018,Sara Patel,CL0018@example.com,1482756667,14:47:55,NSE,S,ITC,6,3964.44
CL0018,Sara Patel,CL0018@example.com,1595636671,12:10:57,NSE,B,SBIN,449,3252.84
CL0018,Sara Patel,CL0018@example.com,1419385603,11:27:21,BSE,B,TCS,329,1483.39
CL0018,Sara Patel,CL0018@example.com,1633564706,11:05:22,BSE,S,ICICIBANK,124,2117.35
CL0018,Sara Patel,CL0018@example.com,1263667420,14:41:28,NSE,S,TATAMOTORS,163,3847.05
CL0018,Sara Patel,CL0018@example.com,1372267301,12:21:04,NSE,B,RELIANCE,497,3544.76
CL0018,Sara Patel,CL0018@example.com,1620606135,12:47:22,BSE,B,BHARTIARTL,168,131.15
CL0018,Sara Patel,CL0018@example.com,1902618596,12:55:01,NSE,S,TCS,62,2379.25
CL0018,Sara Patel,CL0018@example.com,1641621976,14:26:44,NSE,B,INFY,398,161.55
CL0019,Vihaan Khan,CL0019@example.com,1136935556,12:26:13,NSE,B,RELIANCE,408,3769.41
CL0019,Vihaan Khan,CL0019@example.com,1898736271,09:03:58,BSE,S,SBIN,199,1090.64
CL0019,Vihaan Khan,CL0019@example.com,1192860856,14:28:57,NSE,S,ITC,266,3694.28
CL0019,Vihaan Khan,CL0019@example.com,1569324316,11:06:53,NSE,S,SBIN,39,2429.51
CL0019,Vihaan Khan,CL0019@example.com,1843474873,14:58:18,NSE,B,SBIN,131,3707.31
CL0020,Sara Nair,CL0020@example.com,1948643539,13:37:38,BSE,S,TCS,459,3246.03
CL0020,Sara Nair,CL0020@example.com,1300556704,14:42:33,BSE,S,WIPRO,367,3246.32
CL0020,Sara Nair,CL0020@example.com,1890362302,13:56:01,BSE,S,TATAMOTORS,395,2717.22
CL0020,Sara Nair,CL0020@example.com,1265270080,10:10:00,BSE,B,HDFCBANK,110,1119.20
CL0021,Diya Patel,CL0021@example.com,1834185213,10:41:41,BSE,S,ICICIBANK,367,2107.08
CL0021,Diya Patel,CL0021@example.com,1407467678,10:50:51,NSE,B,WIPRO,51,3748.56
CL0021,Diya Patel,CL0021@example.com,1729207902,13:15:22,NSE,B,TCS,317,761.62
CL0021,Diya Patel,CL0021@example.com,1929249819,13:22:49,NSE,S,SBIN,222,3483.59
CL0021,Diya Patel,CL0021@example.com,1140298776,09:14:43,BSE,S,BHARTIARTL,26,1839.05
CL0021,Diya Patel,CL0021@example.com,1928271740,12:19:25,NSE,S,BHARTIARTL,191,260.03
CL0021,Diya Patel,CL0021@example.com,1983112296,14:11:29,NSE,B,RELIANCE,450,2463.87
CL0021,Diya Patel,CL0021@example.com,1316524433,09:37:14,NSE,B,HDFCBANK,13,1482.84
CL0021,Diya Patel,CL0021@example.com,1781281305,11:18:25,BSE,S,BHARTIARTL,301,3415.86
CL0022,Sara Gupta,CL0022@example.com,1522936438,10:31:24,BSE,B,BHARTIARTL,278,3113.01
CL0022,Sara Gupta,CL0022@example.com,1651582091,12:49:36,NSE,B,WIPRO,430,3704.95
CL0022,Sara Gupta,CL0022@example.com,1522993412,11:59:18,BSE,B,WIPRO,461,1507.11
CL0022,Sara Gupta,CL0022@example.com,1294541070,11:22:39,BSE,B,ITC,315,417.85
CL0022,Sara Gupta,CL0022@example.com,1669227414,10:49:44,NSE,B,RELIANCE,167,2688.92
CL0022,Sara Gupta,CL0022@example.com,1398935721,11:06:04,BSE,S,TATAMOTORS,278,657.36
CL0023,Sara Mehta,CL0023@example.com,1873540255,11:52:47,NSE,S,RELIANCE,16,733.83
CL0023,Sara Mehta,CL0023@example.com,1657403702,13:19:46,BSE,S,SBIN,191,501.54
CL0023,Sara Mehta,CL0023@example.com,1380511940,14:12:54,NSE,S,WIPRO,198,3849.76
CL0023,Sara Mehta,CL0023@example.com,1249148943,13:00:40,BSE,B,TATAMOTORS,230,3883.85
CL0023,Sara Mehta,CL0023@example.com,1410844877,11:41:50,NSE,S,WIPRO,245,2139.04
CL0023,Sara Mehta,CL0023@example.com,1470741766,09:30:59,NSE,B,RELIANCE,13,3186.31
CL0023,Sara Mehta,CL0023@example.com,1611611650,11:04:21,BSE,B,BHARTIARTL,180,2407.83
CL0024,Ishaan Patel,CL0024@example.com,1915541722,10:20:37,NSE,B,SBIN,43,146.72
CL0024,Ishaan Patel,CL0024@example.com,1956089539,11:11:23,NSE,S,SBIN,52,2011.39
CL0024,Ishaan Patel,CL0024@example.com,1679018352,14:57:32,BSE,S,TCS,260,3630.60
CL0024,Ishaan Patel,CL0024@example.com,1111996067,12:46:52,NSE,B,INFY,487,386.84
CL0024,Ishaan Patel,CL0024@example.com,1769193669,13:26:53,NSE,S,ITC,153,684.04
CL0025,Rohan Nair,CL0025@example.com,1798352804,13:58:50,NSE,S,TCS,191,2676.71
CL0025,Rohan Nair,CL0025@example.com,1825759627,14:31:21,NSE,B,BHARTIARTL,421,126.75
CL0025,Rohan Nair,CL0025@example.com,1465215829,14:11:33,BSE,S,SBIN,82,126.02
CL0025,Rohan Nair,CL0025@example.com,1741471807,11:38:33,NSE,B,INFY,209,1735.22
CL0025,Rohan Nair,CL0025@example.com,1411119062,12:35:28,BSE,S,RELIANCE,46,1726.02
CL0026,Rohan Patel,CL0026@example.com,1171973152,10:35:32,BSE,B,ICICIBANK,27,357.00
CL0026,Rohan Patel,CL0026@example.com,1485269118,13:06:07,NSE,S,TCS,381,1328.58
CL0026,Rohan Patel,CL0026@example.com,1889294378,14:39:55,NSE,B,TCS,454,3722.33
CL0026,Rohan Patel,CL0026@example.com,1817335885,13:59:08,NSE,S,RELIANCE,48,1355.64
CL0026,Rohan Patel,CL0026@example.com,1553869466,13:00:43,NSE,B,ICICIBANK,261,2503.31
CL0027,Kabir Khan,CL0027@example.com,1497511922,14:49:05,NSE,B,WIPRO,305,511.09
CL0027,Kabir Khan,CL0027@example.com,1293050813,13:08:27,BSE,S,ITC,70,2088.87
CL0027,Kabir Khan,CL0027@example.com,1321276168,14:37:14,NSE,B,INFY,18,3345.97
CL0027,Kabir Khan,CL0027@example.com,1532139931,13:15:34,NSE,B,WIPRO,31,1703.57
CL0028,Diya Reddy,CL0028@example.com,1482616330,11:25:00,BSE,B,ICICIBANK,207,260.39
CL0028,Diya Reddy,CL0028@example.com,1410821347,14:02:18,NSE,S,ITC,366,1818.32
CL0028,Diya Reddy,CL0028@example.com,1878997462,10:18:52,BSE,S,WIPRO,56,3314.42
CL0028,Diya Reddy,CL0028@example.com,1598702772,14:47:11,NSE,S,INFY,417,2342.48
CL0028,Diya Reddy,CL0028@example.com,1337437815,14:22:38,BSE,S,RELIANCE,150,617.88
CL0028,Diya Reddy,CL0028@example.com,1843793921,12:46:50,BSE,B,ICICIBANK,433,1019.15
CL0028,Diya Reddy,CL0028@example.com,1588849931,12:59:05,NSE,B,ITC,301,1272.25
CL0029,Rohan Reddy,CL0029@example.com,1519523420,09:35:38,NSE,B,ICICIBANK,351,2508.79
CL0029,Rohan Reddy,CL0029@example.com,1622710094,12:18:07,BSE,B,INFY,382,759.61
CL0029,Rohan Reddy,CL0029@example.com,1815013361,10:13:51,NSE,B,TCS,403,3185.79
CL0030,Rohan Reddy,CL0030@example.com,1431612208,14:26:38,BSE,B,ITC,246,130.28
CL0030,Rohan Reddy,CL0030@example.com,1452539892,09:02:52,BSE,B,RELIANCE,173,3358.65
CL0030,Rohan Reddy,CL0030@example.com,1111900468,12:28:43,NSE,B,BHARTIARTL,353,1027.69
CL0030,Rohan Reddy,CL0030@example.com,1357271112,14:15:46,NSE,B,RELIANCE,35,457.62
CL0031,Rohan Mehta,CL0031@example.com,1439667673,14:18:49,BSE,S,ICICIBANK,300,1523.63
CL0031,Rohan Mehta,CL0031@example.com,1618801029,14:49:21,NSE,S,INFY,353,3567.68
CL0031,Rohan Mehta,CL0031@example.com,1574516142,12:25:12,BSE,S,TATAMOTORS,80,3123.05
CL0031,Rohan Mehta,CL0031@example.com,1342169209,10:45:03,BSE,B,HDFCBANK,178,3440.33
CL0032,Sara Khan,CL0032@example.com,1701942114,13:10:06,NSE,B,WIPRO,275,3339.79
CL0032,Sara Khan,CL0032@example.com,1377664814,12:59:55,BSE,S,HDFCBANK,455,3708.98
CL0032,Sara Khan,CL0032@example.com,1634036977,11:11:22,NSE,S,INFY,386,489.11
CL0032,Sara Khan,CL0032@example.com,1187243961,09:00:47,BSE,S,INFY,273,2187.02
CL0032,Sara Khan,CL0032@example.com,1306371560,12:13:54,BSE,S,TCS,332,1396.61
CL0033,Kabir Nair,CL0033@example.com,1587536553,09:43:57,NSE,S,ITC,389,2763.67
CL0033,Kabir Nair,CL0033@example.com,1685788252,12:05:49,BSE,S,INFY,420,2803.68
CL0033,Kabir Nair,CL0033@example.com,1490185981,13:38:45,BSE,S,TCS,313,2081.50
CL0033,Kabir Nair,CL0033@example.com,1820348037,09:30:36,BSE,S,ITC,188,2140.73
CL0033,Kabir Nair,CL0033@example.com,1199582201,12:07:46,NSE,B,ITC,330,2214.74
CL0034,Aarav Reddy,CL0034@example.com,1974237528,14:22:23,NSE,S,INFY,72,1548.84
CL0034,Aarav Reddy,CL0034@example.com,1546725545,12:18:58,NSE,S,TATAMOTORS,32,956.52
CL0034,Aarav Reddy,CL0034@example.com,1259882563,10:53:08,BSE,B,ITC,96,758.66
CL0034,Aarav Reddy,CL0034@example.com,1543601506,14:04:14,NSE,B,SBIN,110,296.98
CL0034,Aarav Reddy,CL0034@example.com,1655616733,12:52:48,NSE,B,BHARTIARTL,446,3647.34
CL0034,Aarav Reddy,CL0034@example.com,1533673168,10:56:37,BSE,B,WIPRO,324,2297.54
CL0034,Aarav Reddy,CL0034@example.com,1877251462,10:38:10,BSE,S,SBIN,463,2526.63
CL0034,Aarav Reddy,CL0034@example.com,1166193499,10:56:44,NSE,B,RELIANCE,482,3568.58
CL0034,Aarav Reddy,CL0034@example.com,1756139496,12:47:26,BSE,S,ICICIBANK,399,2255.25
CL0035,Arjun Patel,CL0035@example.com,1499009545,14:03:52,NSE,B,TCS,200,1550.27
CL0035,Arjun Patel,CL0035@example.com,1541004922,14:54:34,BSE,B,TATAMOTORS,52,1157.49
CL0035,Arjun Patel,CL0035@example.com,1608601087,13:46:17,NSE,S,SBIN,220,757.98
CL0035,Arjun Patel,CL0035@example.com,1405565049,09:24:19,NSE,B,TATAMOTORS,392,3031.49
CL0035,Arjun Patel,CL0035@example.com,1849302910,13:42:57,BSE,S,RELIANCE,211,2295.09
CL0035,Arjun Patel,CL0035@example.com,1964315526,13:56:11,BSE,S,TCS,424,159.34
CL0036,Aarav Gupta,CL0036@example.com,1310658452,11:16:07,NSE,B,INFY,211,2604.12
CL0036,Aarav Gupta,CL0036@example.com,1593545719,09:16:22,NSE,B,SBIN,191,2927.27
CL0036,Aarav Gupta,CL0036@example.com,1179827829,09:52:13,NSE,B,INFY,176,1327.79
CL0036,Aarav Gupta,CL0036@example.com,1854955799,14:21:34,NSE,S,BHARTIARTL,431,1843.81
CL0036,Aarav Gupta,CL0036@example.com,1588137269,13:16:55,NSE,S,INFY,231,3173.45
CL0036,Aarav Gupta,CL0036@example.com,1744323785,11:01:48,NSE,S,ITC,453,1704.32
CL0037,Arjun Khan,CL0037@example.com,1676677086,13:36:43,BSE,B,RELIANCE,470,3470.66
CL0037,Arjun Khan,CL0037@example.com,1360764718,09:20:18,NSE,S,WIPRO,487,1308.08
CL0037,Arjun Khan,CL0037@example.com,1554234133,11:53:36,BSE,B,RELIANCE,113,2154.70
CL0037,Arjun Khan,CL0037@example.com,1216876046,14:12:42,BSE,S,TCS,350,3956.79
CL0037,Arjun Khan,CL0037@example.com,1583935422,13:37:48,BSE,S,WIPRO,22,2890.89
CL0037,Arjun Khan,CL0037@example.com,1997096890,09:47:11,NSE,B,TCS,347,733.09
CL0037,Arjun Khan,CL0037@example.com,1207054100,09:52:31,NSE,B,HDFCBANK,316,1348.82
CL0037,Arjun Khan,CL0037@example.com,1620561490,14:59:47,NSE,S,TATAMOTORS,248,3317.65
CL0037,Arjun Khan,CL0037@example.com,1926217836,14:21:15,BSE,S,INFY,169,457.37
CL0038,Diya Gupta,CL0038@example.com,1411878498,14:16:57,NSE,B,INFY,483,1386.77
CL0038,Diya Gupta,CL0038@example.com,1318724510,12:32:47,NSE,S,INFY,235,1541.34
CL0038,Diya Gupta,CL0038@example.com,1838546862,13:16:38,BSE,B,SBIN,316,2332.80
CL0038,Diya Gupta,CL0038@example.com,1590274062,13:53:42,BSE,S,TATAMOTORS,437,2727.55
CL0038,Diya Gupta,CL0038@example.com,1999254538,11:47:59,BSE,B,RELIANCE,25,3411.27
CL0038,Diya Gupta,CL0038@example.com,1974666653,11:29:10,NSE,S,HDFCBANK,52,3108.35
CL0038,Diya Gupta,CL0038@example.com,1163316955,11:59:33,BSE,S,TCS,89,2475.17
CL0039,Ananya Mehta,CL0039@example.com,1831351152,09:34:14,BSE,S,INFY,330,1965.23
CL0039,Ananya Mehta,CL0039@example.com,1402208859,10:05:19,BSE,B,HDFCBANK,201,2773.79
CL0039,Ananya Mehta,CL0039@example.com,1743064215,10:37:08,NSE,B,WIPRO,439,1704.70
CL0039,Ananya Mehta,CL0039@example.com,1951123469,13:04:41,NSE,B,BHARTIARTL,133,1519.05
CL0039,Ananya Mehta,CL0039@example.com,1821273606,12:20:58,BSE,S,INFY,45,1522.42
CL0039,Ananya Mehta,CL0039@example.com,1503333183,13:31:09,NSE,S,ITC,226,3284.89
CL0039,Ananya Mehta,CL0039@example.com,1581402831,11:37:45,NSE,B,ITC,35,2646.15
CL0039,Ananya Mehta,CL0039@example.com,1948687042,09:53:11,BSE,S,ITC,480,1961.21
CL0039,Ananya Mehta,CL0039@example.com,1981684811,12:33:38,BSE,S,ITC,463,1937.45
CL0040,Aarav Sharma,CL0040@example.com,1292622402,10:39:50,NSE,S,WIPRO,487,1773.29
CL0040,Aarav Sharma,CL0040@example.com,1849596365,10:35:11,BSE,B,BHARTIARTL,59,3673.07
CL0040,Aarav Sharma,CL0040@example.com,1416258811,12:06:07,BSE,S,HDFCBANK,427,1082.50
CL0040,Aarav Sharma,CL0040@example.com,1845015213,10:47:02,BSE,S,INFY,214,3696.52
CL0041,Ananya Reddy,CL0041@example.com,1486813534,13:57:47,BSE,B,SBIN,389,2044.80
CL0041,Ananya Reddy,CL0041@example.com,1506038826,12:01:36,BSE,S,INFY,304,1455.36
CL0041,Ananya Reddy,CL0041@example.com,1323575450,09:42:27,NSE,S,ITC,247,3249.11
CL0041,Ananya Reddy,CL0041@example.com,1826507058,10:56:26,BSE,S,SBIN,268,3743.53
CL0041,Ananya Reddy,CL0041@example.com,1587467581,10:48:15,NSE,B,TATAMOTORS,228,2383.46
CL0041,Ananya Reddy,CL0041@example.com,1397777168,12:49:43,BSE,S,WIPRO,123,1989.93
CL0041,Ananya Reddy,CL0041@example.com,1450904492,10:50:44,NSE,B,BHARTIARTL,230,2314.31
CL0041,Ananya Reddy,CL0041@example.com,1268783478,11:02:25,NSE,S,BHARTIARTL,428,1669.28
CL0041,Ananya Reddy,CL0041@example.com,1958580067,10:36:59,NSE,B,WIPRO,476,575.60
CL0041,Ananya Reddy,CL0041@example.com,1876186141,13:32:07,NSE,S,ICICIBANK,209,2737.02
CL0041,Ananya Reddy,CL0041@example.com,1459223216,13:23:51,BSE,B,TCS,41,3538.95
CL0042,Aarav Khan,CL0042@example.com,1469677655,10:23:49,BSE,B,SBIN,111,1818.69
CL0042,Aarav Khan,CL0042@example.com,1975362039,12:57:01,NSE,B,WIPRO,377,491.79
CL0042,Aarav Khan,CL0042@example.com,1154661427,09:11:33,NSE,S,BHARTIARTL,31,3219.40
CL0042,Aarav Khan,CL0042@example.com,1905436385,10:07:42,NSE,B,RELIANCE,341,3881.48
CL0043,Ananya Nair,CL0043@example.com,1256154663,13:50:10,NSE,S,TCS,236,3376.02
CL0043,Ananya Nair,CL0043@example.com,1767725958,11:40:14,BSE,B,SBIN,441,683.12
CL0043,Ananya Nair,CL0043@example.com,1693775372,13:41:35,BSE,B,ICICIBANK,217,1685.50
CL0043,Ananya Nair,CL0043@example.com,1397976649,09:31:02,BSE,B,BHARTIARTL,121,2173.04
CL0043,Ananya Nair,CL0043@example.com,1418085166,09:25:45,BSE,S,RELIANCE,388,3430.09
CL0043,Ananya Nair,CL0043@example.com,1986796167,11:23:40,BSE,S,HDFCBANK,197,246.75
CL0043,Ananya Nair,CL0043@example.com,1598986178,11:40:15,NSE,S,TATAMOTORS,299,2161.34
CL0043,Ananya Nair,CL0043@example.com,1860892826,12:52:26,NSE,S,HDFCBANK,497,669.04
CL0043,Ananya Nair,CL0043@example.com,1550895553,09:27:59,NSE,B,WIPRO,499,2303.86
CL0043,Ananya Nair,CL0043@example.com,1650915767,09:31:28,NSE,B,TATAMOTORS,350,921.18
CL0043,Ananya Nair,CL0043@example.com,1286776828,14:53:52,NSE,S,WIPRO,264,1047.83
CL0044,Ananya Iyer,CL0044@example.com,1297554957,10:27:09,NSE,S,ITC,452,1068.55
CL0044,Ananya Iyer,CL0044@example.com,1684802214,11:56:58,BSE,B,RELIANCE,486,1365.38
CL0044,Ananya Iyer,CL0044@example.com,1881673072,14:40:40,NSE,S,RELIANCE,411,1939.88
CL0044,Ananya Iyer,CL0044@example.com,1251871929,10:40:44,BSE,S,HDFCBANK,79,2289.46
CL0044,Ananya Iyer,CL0044@example.com,1510701653,12:59:53,NSE,S,TCS,282,2015.24
CL0044,Ananya Iyer,CL0044@example.com,1941205880,09:18:18,BSE,B,BHARTIARTL,202,3286.16
CL0045,Vihaan Sharma,CL0045@example.com,1828272969,10:40:59,BSE,S,HDFCBANK,402,3113.88
CL0045,Vihaan Sharma,CL0045@example.com,1296261685,14:18:58,NSE,B,INFY,310,1988.69
CL0045,Vihaan Sharma,CL0045@example.com,1504818682,11:53:40,NSE,S,HDFCBANK,94,1130.61
CL0045,Vihaan Sharma,CL0045@example.com,1454964958,13:56:32,BSE,S,TCS,207,946.55
CL0045,Vihaan Sharma,CL0045@example.com,1548691379,14:49:49,BSE,S,ICICIBANK,68,2410.24
CL0045,Vihaan Sharma,CL0045@example.com,1829256290,14:12:02,BSE,S,TATAMOTORS,193,3714.30
CL0045,Vihaan Sharma,CL0045@example.com,1387240537,09:06:51,NSE,B,RELIANCE,359,1778.56
CL0045,Vihaan Sharma,CL0045@example.com,1479701935,11:48:10,NSE,S,INFY,167,2272.94
CL0046,Meera Iyer,CL0046@example.com,1632060430,12:15:47,BSE,B,SBIN,336,2109.30
CL0046,Meera Iyer,CL0046@example.com,1456502647,12:14:56,BSE,B,BHARTIARTL,326,2530.21
CL0046,Meera Iyer,CL0046@example.com,1418872186,11:47:14,NSE,B,SBIN,62,3736.20
CL0046,Meera Iyer,CL0046@example.com,1529586116,09:30:31,BSE,B,INFY,80,1968.87
CL0046,Meera Iyer,CL0046@example.com,1807640215,09:35:13,NSE,S,BHARTIARTL,5,1547.74
CL0047,Meera Patel,CL0047@example.com,1748418216,12:50:27,NSE,S,TCS,320,562.44
CL0047,Meera Patel,CL0047@example.com,1753092628,10:13:10,NSE,S,SBIN,115,2777.36
CL0047,Meera Patel,CL0047@example.com,1362102364,11:26:56,BSE,B,ITC,394,3750.82
CL0047,Meera Patel,CL0047@example.com,1415609526,14:15:10,NSE,B,SBIN,61,721.47
CL0047,Meera Patel,CL0047@example.com,1986846904,11:24:48,NSE,B,TATAMOTORS,142,2691.04
CL0047,Meera Patel,CL0047@example.com,1131185394,14:44:38,BSE,S,HDFCBANK,97,2221.28
CL0048,Arjun Iyer,CL0048@example.com,1811221176,10:52:49,BSE,S,HDFCBANK,7,2749.85
CL0048,Arjun Iyer,CL0048@example.com,1874312784,09:34:47,BSE,B,INFY,490,2375.04
CL0048,Arjun Iyer,CL0048@example.com,1289925042,09:58:04,NSE,S,TCS,244,385.68
CL0048,Arjun Iyer,CL0048@example.com,1615216739,09:24:29,NSE,B,HDFCBANK,433,2579.57
CL0048,Arjun Iyer,CL0048@example.com,1721855860,13:40:59,BSE,S,WIPRO,435,3051.78
CL0048,Arjun Iyer,CL0048@example.com,1999616691,11:47:02,BSE,S,INFY,200,2849.59
CL0048,Arjun Iyer,CL0048@example.com,1982696006,10:38:34,BSE,S,TATAMOTORS,280,355.14
CL0048,Arjun Iyer,CL0048@example.com,1579203516,09:29:29,BSE,S,TCS,272,1799.14
CL0049,Diya Iyer,CL0049@example.com,1463558540,11:37:30,BSE,B,RELIANCE,62,2097.73
CL0049,Diya Iyer,CL0049@example.com,1146512899,12:34:31,BSE,B,WIPRO,274,3829.45
CL0049,Diya Iyer,CL0049@example.com,1153607279,09:27:00,NSE,B,TATAMOTORS,368,2279.02
CL0049,Diya Iyer,CL0049@example.com,1422394080,13:12:30,BSE,S,BHARTIARTL,186,406.33
CL0049,Diya Iyer,CL0049@example.com,1293589802,11:08:27,NSE,S,SBIN,154,1071.82
CL0049,Diya Iyer,CL0049@example.com,1161595232,13:30:42,BSE,B,BHARTIARTL,437,2319.99
CL0049,Diya Iyer,CL0049@example.com,1386231768,11:57:15,BSE,B,SBIN,432,1358.36
CL0049,Diya Iyer,CL0049@example.com,1941661878,12:46:08,NSE,B,SBIN,127,1755.07
CL0050,Kabir Sharma,CL0050@example.com,1804364435,10:17:18,NSE,S,SBIN,124,206.27
CL0050,Kabir Sharma,CL0050@example.com,1619614330,09:59:12,BSE,B,TCS,57,2869.83
CL0050,Kabir Sharma,CL0050@example.com,1456040180,12:44:33,BSE,B,ITC,190,2109.80
CL0050,Kabir Sharma,CL0050@example.com,1570396378,09:31:56,BSE,B,TATAMOTORS,2,2234.23
CL0050,Kabir Sharma,CL0050@example.com,1735154548,10:04:50,NSE,S,ICICIBANK,113,3419.98
CL0050,Kabir Sharma,CL0050@example.com,1771779785,11:13:35,NSE,B,BHARTIARTL,283,3852.02
CL0051,Meera Sharma,CL0051@example.com,1897085910,12:59:44,NSE,S,ICICIBANK,88,3031.00
CL0051,Meera Sharma,CL0051@example.com,1174364425,14:57:04,BSE,B,TATAMOTORS,422,419.22
CL0051,Meera Sharma,CL0051@example.com,1645383193,14:44:20,BSE,B,TCS,61,2209.49
CL0051,Meera Sharma,CL0051@example.com,1200164676,13:49:06,BSE,B,TATAMOTORS,285,831.46
CL0051,Meera Sharma,CL0051@example.com,1629225369,14:30:44,NSE,B,RELIANCE,185,950.31
CL0051,Meera Sharma,CL0051@example.com,1536028291,12:15:15,BSE,B,ITC,317,3624.29
CL0052,Sara Reddy,CL0052@example.com,1883339694,10:04:38,NSE,S,HDFCBANK,294,3861.02
CL0052,Sara Reddy,CL0052@example.com,1114988380,09:14:30,NSE,B,TCS,129,1687.92
CL0052,Sara Reddy,CL0052@example.com,1574905779,10:40:43,BSE,S,HDFCBANK,372,1500.29
CL0052,Sara Reddy,CL0052@example.com,1589850127,14:25:20,BSE,S,TCS,223,1021.38
CL0052,Sara Reddy,CL0052@example.com,1903897406,12:40:11,NSE,S,ICICIBANK,125,1013.33
CL0053,Meera Sharma,CL0053@example.com,1762150639,11:36:44,NSE,S,RELIANCE,359,1167.54
CL0053,Meera Sharma,CL0053@example.com,1936775324,11:38:48,NSE,B,WIPRO,379,415.37
CL0053,Meera Sharma,CL0053@example.com,1110926351,11:15:13,BSE,B,SBIN,121,2786.43
CL0053,Meera Sharma,CL0053@example.com,1954041148,09:20:41,NSE,B,BHARTIARTL,29,734.40
CL0053,Meera Sharma,CL0053@example.com,1424249239,14:03:34,NSE,S,ICICIBANK,447,943.69
CL0053,Meera Sharma,CL0053@example.com,1724102935,13:23:12,BSE,S,WIPRO,118,2690.71
CL0054,Meera Gupta,CL0054@example.com,1930600279,11:36:47,NSE,B,HDFCBANK,82,3610.73
CL0054,Meera Gupta,CL0054@example.com,1428657974,10:16:52,NSE,B,TATAMOTORS,381,1333.99
CL0054,Meera Gupta,CL0054@example.com,1991127439,11:24:41,NSE,S,BHARTIARTL,498,2048.32
CL0054,Meera Gupta,CL0054@example.com,1158051056,14:26:26,NSE,S,SBIN,164,766.52
CL0054,Meera Gupta,CL0054@example.com,1460264395,12:58:26,NSE,S,TCS,217,3813.97
CL0054,Meera Gupta,CL0054@example.com,1319739582,11:06:19,NSE,S,ICICIBANK,451,2757.68
CL0054,Meera Gupta,CL0054@example.com,1390700428,09:51:40,BSE,S,TCS,494,2603.41
CL0055,Ananya Patel,CL0055@example.com,1650256010,10:23:11,BSE,S,INFY,428,2155.20
CL0055,Ananya Patel,CL0055@example.com,1350323908,10:00:57,NSE,B,ITC,23,212.25
CL0055,Ananya Patel,CL0055@example.com,1512765882,09:45:34,NSE,B,TATAMOTORS,278,2626.72
CL0055,Ananya Patel,CL0055@example.com,1517009833,12:57:55,BSE,B,WIPRO,454,2588.67
CL0056,Vihaan Mehta,CL0056@example.com,1251223231,11:54:16,BSE,B,TCS,53,2946.68
CL0056,Vihaan Mehta,CL0056@example.com,1181436163,09:43:33,NSE,B,HDFCBANK,434,446.13
CL0056,Vihaan Mehta,CL0056@example.com,1674527929,10:48:35,BSE,S,RELIANCE,366,2220.79
CL0056,Vihaan Mehta,CL0056@example.com,1733831464,10:15:47,NSE,B,HDFCBANK,176,350.89
CL0056,Vihaan Mehta,CL0056@example.com,1542958453,11:14:04,BSE,S,TATAMOTORS,251,164.39
CL0056,Vihaan Mehta,CL0056@example.com,1222204407,10:31:39,NSE,S,RELIANCE,125,3557.00
CL0057,Rohan Iyer,CL0057@example.com,1802048969,12:36:33,BSE,S,BHARTIARTL,81,2386.54
CL0057,Rohan Iyer,CL0057@example.com,1238192862,13:53:20,NSE,S,ITC,487,253.99
CL0057,Rohan Iyer,CL0057@example.com,1195915417,13:35:31,BSE,B,ITC,248,665.91
CL0057,Rohan Iyer,CL0057@example.com,1783769697,09:06:09,NSE,S,TATAMOTORS,231,2927.20
CL0057,Rohan Iyer,CL0057@example.com,1226769805,09:14:11,BSE,B,TCS,329,982.72
CL0057,Rohan Iyer,CL0057@example.com,1370623386,14:13:26,BSE,B,INFY,97,3562.50
CL0057,Rohan Iyer,CL0057@example.com,1109566361,14:45:55,NSE,S,BHARTIARTL,136,2930.00
CL0058,Ishaan Iyer,CL0058@example.com,1389523687,14:20:26,BSE,B,WIPRO,314,2558.91
CL0058,Ishaan Iyer,CL0058@example.com,1992373937,12:44:21,NSE,S,HDFCBANK,207,841.37
CL0058,Ishaan Iyer,CL0058@example.com,1905607182,11:13:31,BSE,B,WIPRO,215,609.19
CL0058,Ishaan Iyer,CL0058@example.com,1535127573,14:01:39,BSE,B,HDFCBANK,171,2954.54
CL0059,Vihaan Gupta,CL0059@example.com,1513038774,14:05:43,NSE,S,RELIANCE,100,3687.45
CL0059,Vihaan Gupta,CL0059@example.com,1684870663,12:13:09,NSE,B,SBIN,424,3374.69
CL0059,Vihaan Gupta,CL0059@example.com,1928846630,10:36:53,BSE,S,INFY,71,1619.68
CL0059,Vihaan Gupta,CL0059@example.com,1872945200,09:42:17,NSE,S,TCS,233,3879.89
CL0059,Vihaan Gupta,CL0059@example.com,1653579813,10:05:42,NSE,S,RELIANCE,202,1621.42
CL0060,Aarav Singh,CL0060@example.com,1396152604,14:34:49,BSE,S,SBIN,238,3558.63
CL0060,Aarav Singh,CL0060@example.com,1273758857,10:06:04,BSE,B,ITC,31,3855.60
CL0060,Aarav Singh,CL0060@example.com,1181732703,14:35:11,BSE,B,SBIN,373,1531.28
CL0060,Aarav Singh,CL0060@example.com,1566274722,10:23:36,NSE,S,ITC,254,2932.64
CL0060,Aarav Singh,CL0060@example.com,1426997110,10:25:37,BSE,B,ITC,173,3860.87
CL0061,Meera Mehta,CL0061@example.com,1708737601,14:14:49,NSE,B,HDFCBANK,371,984.80
CL0061,Meera Mehta,CL0061@example.com,1390586147,09:02:12,BSE,S,ICICIBANK,10,560.07
CL0061,Meera Mehta,CL0061@example.com,1725812015,11:16:14,BSE,S,BHARTIARTL,25,2885.71
CL0061,Meera Mehta,CL0061@example.com,1262519463,11:38:38,NSE,S,TATAMOTORS,351,1298.74
CL0061,Meera Mehta,CL0061@example.com,1647303730,11:25:18,BSE,S,HDFCBANK,295,3859.43
CL0062,Vihaan Sharma,CL0062@example.com,1509543334,10:44:39,BSE,B,ICICIBANK,384,1069.01
CL0062,Vihaan Sharma,CL0062@example.com,1221909566,12:50:55,NSE,B,ITC,57,1485.57
CL0062,Vihaan Sharma,CL0062@example.com,1464966497,11:41:15,BSE,S,HDFCBANK,352,2144.76
CL0062,Vihaan Sharma,CL0062@example.com,1453691530,11:32:26,NSE,S,RELIANCE,352,847.04
CL0062,Vihaan Sharma,CL0062@example.com,1250160729,09:01:58,NSE,B,ITC,41,1004.42
CL0063,Arjun Iyer,CL0063@example.com,1491771272,13:59:40,BSE,B,BHARTIARTL,457,627.28
CL0063,Arjun Iyer,CL0063@example.com,1235432890,09:29:29,BSE,B,BHARTIARTL,447,2881.16
CL0063,Arjun Iyer,CL0063@example.com,1612556851,10:20:19,BSE,B,HDFCBANK,77,3786.80
CL0063,Arjun Iyer,CL0063@example.com,1245948277,11:09:34,BSE,S,WIPRO,44,2709.78
CL0064,Ananya Khan,CL0064@example.com,1148054685,12:10:08,NSE,B,BHARTIARTL,78,1403.58
CL0064,Ananya Khan,CL0064@example.com,1794136822,14:23:03,BSE,B,INFY,369,3385.26
CL0064,Ananya Khan,CL0064@example.com,1956917320,13:12:00,NSE,B,SBIN,365,2353.83
CL0064,Ananya Khan,CL0064@example.com,1664692758,11:08:39,BSE,S,RELIANCE,50,2689.50
CL0064,Ananya Khan,CL0064@example.com,1142913711,11:07:16,BSE,S,BHARTIARTL,33,3924.78
CL0064,Ananya Khan,CL0064@example.com,1367754283,09:37:12,BSE,S,INFY,448,903.11
CL0064,Ananya Khan,CL0064@example.com,1656684460,10:58:15,NSE,S,BHARTIARTL,103,815.42
CL0065,Ishaan Nair,CL0065@example.com,1346424738,09:19:23,NSE,B,INFY,152,3894.36
CL0065,Ishaan Nair,CL0065@example.com,1402066554,11:12:37,BSE,S,HDFCBANK,254,287.26
CL0065,Ishaan Nair,CL0065@example.com,1529442839,10:33:15,NSE,S,SBIN,443,2776.08
CL0065,Ishaan Nair,CL0065@example.com,1468334401,10:35:25,BSE,B,SBIN,257,3878.80
CL0065,Ishaan Nair,CL0065@example.com,1345380770,12:25:41,BSE,B,SBIN,152,2721.08
CL0066,Sara Khan,CL0066@example.com,1413162602,11:58:04,BSE,B,HDFCBANK,257,2176.84
CL0066,Sara Khan,CL0066@example.com,1818694155,14:19:50,BSE,B,HDFCBANK,255,1151.22
CL0066,Sara Khan,CL0066@example.com,1322852777,12:04:32,BSE,S,TCS,269,2786.88
CL0067,Vihaan Sharma,CL0067@example.com,1613153874,12:01:32,BSE,S,SBIN,380,2212.86
CL0067,Vihaan Sharma,CL0067@example.com,1301698333,09:42:10,NSE,B,WIPRO,313,3421.74
CL0067,Vihaan Sharma,CL0067@example.com,1377766781,13:27:02,BSE,B,HDFCBANK,20,2032.84
CL0067,Vihaan Sharma,CL0067@example.com,1228477246,14:43:55,NSE,B,HDFCBANK,288,627.44
CL0067,Vihaan Sharma,CL0067@example.com,1425718379,13:56:07,BSE,S,TATAMOTORS,84,2268.00
CL0067,Vihaan Sharma,CL0067@example.com,1931585508,09:51:28,NSE,S,BHARTIARTL,213,2738.12
CL0067,Vihaan Sharma,CL0067@example.com,1143991590,14:58:52,NSE,S,TCS,307,501.78
CL0067,Vihaan Sharma,CL0067@example.com,1933510872,14:50:19,NSE,S,ICICIBANK,349,1256.02
CL0068,Meera Mehta,CL0068@example.com,1355583792,14:08:48,BSE,S,ITC,232,3966.31
CL0068,Meera Mehta,CL0068@example.com,1974180940,09:14:28,BSE,B,TCS,426,856.61
CL0068,Meera Mehta,CL0068@example.com,1926143290,12:24:47,NSE,S,TATAMOTORS,372,1245.01
CL0068,Meera Mehta,CL0068@example.com,1522501538,10:55:23,BSE,S,INFY,246,2481.27
CL0068,Meera Mehta,CL0068@example.com,1687120018,12:56:22,BSE,B,SBIN,387,634.93
CL0069,Rohan Reddy,CL0069@example.com,1170065754,14:41:06,NSE,B,SBIN,499,702.40
CL0069,Rohan Reddy,CL0069@example.com,1259999162,14:17:03,NSE,B,TCS,437,2546.54
CL0069,Rohan Reddy,CL0069@example.com,1168615794,11:09:19,NSE,B,RELIANCE,24,1888.67
CL0069,Rohan Reddy,CL0069@example.com,1329965123,09:03:08,BSE,B,HDFCBANK,389,3698.92
CL0070,Aarav Sharma,CL0070@example.com,1198401879,11:42:50,NSE,S,RELIANCE,136,2518.85
CL0070,Aarav Sharma,CL0070@example.com,1936099705,09:39:07,NSE,S,TCS,471,1954.62
CL0070,Aarav Sharma,CL0070@example.com,1781838782,11:33:51,BSE,S,WIPRO,152,690.75
CL0070,Aarav Sharma,CL0070@example.com,1846412552,11:33:20,NSE,S,RELIANCE,256,1281.49
CL0070,Aarav Sharma,CL0070@example.com,1516608757,12:54:28,NSE,S,SBIN,59,1090.61
CL0070,Aarav Sharma,CL0070@example.com,1602714667,14:35:34,BSE,S,WIPRO,451,3781.72
CL0070,Aarav Sharma,CL0070@example.com,1200296030,14:01:08,NSE,S,INFY,499,3295.73
CL0071,Arjun Gupta,CL0071@example.com,1893055933,12:44:51,NSE,B,BHARTIARTL,237,2424.38
CL0071,Arjun Gupta,CL0071@example.com,1163599805,14:40:05,NSE,B,WIPRO,368,1361.98
CL0071,Arjun Gupta,CL0071@example.com,1427727890,14:49:32,NSE,S,WIPRO,321,3614.64
CL0071,Arjun Gupta,CL0071@example.com,1359559645,10:50:14,NSE,B,HDFCBANK,35,3112.49
CL0071,Arjun Gupta,CL0071@example.com,1865261434,12:49:49,BSE,B,ITC,486,944.91
CL0071,Arjun Gupta,CL0071@example.com,1904555586,13:37:12,NSE,S,ITC,314,1805.94
CL0071,Arjun Gupta,CL0071@example.com,1522964747,12:07:16,NSE,S,HDFCBANK,217,315.79
CL0072,Diya Khan,CL0072@example.com,1268019302,11:11:41,NSE,S,ICICIBANK,219,1413.21
CL0072,Diya Khan,CL0072@example.com,1762299387,11:51:33,BSE,S,ICICIBANK,225,2192.32
CL0072,Diya Khan,CL0072@example.com,1106209852,10:46:09,BSE,S,TATAMOTORS,443,2482.75
CL0072,Diya Khan,CL0072@example.com,1875125628,11:16:44,BSE,B,HDFCBANK,352,915.86
CL0073,Ananya Das,CL0073@example.com,1777218565,11:31:04,NSE,B,SBIN,55,414.69
CL0073,Ananya Das,CL0073@example.com,1692566601,09:52:06,BSE,B,HDFCBANK,162,1992.60
CL0073,Ananya Das,CL0073@example.com,1112657866,14:27:09,NSE,B,HDFCBANK,369,2363.06
CL0074,Sara Khan,CL0074@example.com,1655966067,11:30:24,NSE,S,SBIN,166,3373.52
CL0074,Sara Khan,CL0074@example.com,1126386423,14:11:03,NSE,S,SBIN,488,1406.85
CL0074,Sara Khan,CL0074@example.com,1274671203,13:08:44,BSE,B,INFY,254,3327.66
CL0074,Sara Khan,CL0074@example.com,1269201991,11:45:20,NSE,B,INFY,124,2758.17
CL0074,Sara Khan,CL0074@example.com,1815864431,12:51:24,NSE,B,HDFCBANK,209,2754.71
CL0074,Sara Khan,CL0074@example.com,1648766923,11:49:51,NSE,S,RELIANCE,200,1907.10
CL0074,Sara Khan,CL0074@example.com,1458430352,14:36:27,NSE,B,TCS,125,1372.27
CL0074,Sara Khan,CL0074@example.com,1608572988,09:21:58,NSE,B,RELIANCE,96,1819.99
CL0075,Diya Mehta,CL0075@example.com,1610614806,11:51:38,NSE,B,HDFCBANK,477,1756.87
CL0075,Diya Mehta,CL0075@example.com,1943923039,10:40:14,BSE,B,ITC,164,2765.16
CL0075,Diya Mehta,CL0075@example.com,1126838892,11:15:26,NSE,S,BHARTIARTL,451,2253.90
CL0075,Diya Mehta,CL0075@example.com,1583603115,14:28:16,BSE,S,HDFCBANK,464,1486.62
CL0075,Diya Mehta,CL0075@example.com,1480774095,09:15:50,NSE,B,TATAMOTORS,192,954.08
CL0075,Diya Mehta,CL0075@example.com,1739891640,13:53:41,BSE,S,TATAMOTORS,474,3862.72
CL0075,Diya Mehta,CL0075@example.com,1509756813,11:36:12,BSE,B,INFY,348,3972.03
CL0075,Diya Mehta,CL0075@example.com,1373232387,11:08:41,BSE,B,INFY,164,2093.57
CL0075,Diya Mehta,CL0075@example.com,1189743875,12:23:56,NSE,S,INFY,400,1560.22
CL0076,Ishaan Mehta,CL0076@example.com,1769883296,11:37:21,BSE,B,HDFCBANK,418,2491.78
CL0076,Ishaan Mehta,CL0076@example.com,1647563166,13:28:44,BSE,B,BHARTIARTL,209,127.34
CL0076,Ishaan Mehta,CL0076@example.com,1894268910,09:41:54,NSE,S,RELIANCE,408,381.58
CL0076,Ishaan Mehta,CL0076@example.com,1409543631,14:36:16,NSE,B,BHARTIARTL,224,102.99
CL0076,Ishaan Mehta,CL0076@example.com,1774646458,13:01:13,NSE,S,ICICIBANK,283,2146.22
CL0077,Sara Das,CL0077@example.com,1478748962,14:38:10,BSE,S,ITC,180,1817.31
CL0077,Sara Das,CL0077@example.com,1994886941,14:34:22,NSE,S,WIPRO,366,2287.57
CL0077,Sara Das,CL0077@example.com,1933297873,09:35:34,NSE,B,ITC,303,1210.00
CL0077,Sara Das,CL0077@example.com,1233828657,13:46:57,NSE,S,TATAMOTORS,227,566.63
CL0077,Sara Das,CL0077@example.com,1382253795,12:07:19,BSE,S,BHARTIARTL,258,3543.46
CL0077,Sara Das,CL0077@example.com,1476001279,14:54:40,NSE,S,ITC,186,981.75
CL0077,Sara Das,CL0077@example.com,1781716121,09:52:40,BSE,B,TCS,321,1206.95
CL0077,Sara Das,CL0077@example.com,1720894983,12:58:22,BSE,S,BHARTIARTL,386,2438.75
CL0078,Diya Patel,CL0078@example.com,1257644355,09:21:44,BSE,B,SBIN,293,1856.16
CL0078,Diya Patel,CL0078@example.com,1182253216,14:57:18,BSE,B,ICICIBANK,281,2568.39
CL0078,Diya Patel,CL0078@example.com,1885719851,12:28:39,NSE,B,RELIANCE,103,305.80
CL0078,Diya Patel,CL0078@example.com,1284351164,13:02:55,BSE,S,ICICIBANK,148,3948.30
CL0078,Diya Patel,CL0078@example.com,1714290373,11:07:05,BSE,B,WIPRO,488,3806.87
CL0078,Diya Patel,CL0078@example.com,1769573657,10:58:09,BSE,B,TATAMOTORS,41,1856.18
CL0078,Diya Patel,CL0078@example.com,1966606328,14:33:12,NSE,S,INFY,463,149.34
CL0078,Diya Patel,CL0078@example.com,1943348577,09:28:27,NSE,B,WIPRO,442,3430.02
CL0078,Diya Patel,CL0078@example.com,1779240109,11:06:52,NSE,B,SBIN,347,3127.77
CL0078,Diya Patel,CL0078@example.com,1817911088,12:46:18,BSE,B,ICICIBANK,325,1551.66
CL0078,Diya Patel,CL0078@example.com,1667787827,13:50:46,BSE,B,ICICIBANK,216,3818.57
CL0079,Meera Mehta,CL0079@example.com,1835537804,12:06:03,NSE,S,INFY,173,1657.95
CL0079,Meera Mehta,CL0079@example.com,1691613134,14:00:00,BSE,S,WIPRO,437,848.84
CL0079,Meera Mehta,CL0079@example.com,1812426374,11:13:30,BSE,B,ITC,292,3217.10
CL0079,Meera Mehta,CL0079@example.com,1967967978,14:50:13,BSE,S,ITC,493,2082.50
CL0079,Meera Mehta,CL0079@example.com,1341675488,09:12:18,NSE,S,HDFCBANK,431,2314.35
CL0079,Meera Mehta,CL0079@example.com,1197350640,14:42:41,NSE,B,SBIN,107,1866.43
CL0080,Vihaan Iyer,CL0080@example.com,1900433722,12:55:04,BSE,B,ICICIBANK,125,2046.37
CL0080,Vihaan Iyer,CL0080@example.com,1979890571,13:54:06,NSE,B,ICICIBANK,483,128.04
CL0080,Vihaan Iyer,CL0080@example.com,1581040807,10:37:42,BSE,S,HDFCBANK,317,3310.12
CL0080,Vihaan Iyer,CL0080@example.com,1504536557,13:36:27,BSE,B,TATAMOTORS,264,1023.59
CL0080,Vihaan Iyer,CL0080@example.com,1534307427,13:44:10,BSE,S,ITC,272,2156.42
CL0080,Vihaan Iyer,CL0080@example.com,1609051567,10:27:35,BSE,S,INFY,160,1669.89
CL0080,Vihaan Iyer,CL0080@example.com,1260644197,14:01:04,NSE,S,RELIANCE,410,2398.42
CL0080,Vihaan Iyer,CL0080@example.com,1831964912,12:13:04,NSE,S,TATAMOTORS,239,109.30
CL0081,Meera Patel,CL0081@example.com,1422002889,10:09:24,NSE,B,ICICIBANK,293,2323.38
CL0081,Meera Patel,CL0081@example.com,1932041792,12:39:06,NSE,B,SBIN,203,497.30
CL0081,Meera Patel,CL0081@example.com,1668489278,12:56:33,BSE,S,HDFCBANK,87,1577.05
CL0081,Meera Patel,CL0081@example.com,1138020679,10:56:34,NSE,B,BHARTIARTL,99,2528.20
CL0081,Meera Patel,CL0081@example.com,1920545779,11:28:00,NSE,B,ICICIBANK,354,1837.96
CL0081,Meera Patel,CL0081@example.com,1512402506,13:04:44,NSE,S,RELIANCE,308,3757.83
CL0081,Meera Patel,CL0081@example.com,1284432737,11:59:51,NSE,S,ITC,449,221.91
CL0081,Meera Patel,CL0081@example.com,1911260392,10:25:49,NSE,S,ITC,396,2774.83
CL0082,Diya Gupta,CL0082@example.com,1436071071,12:42:16,NSE,B,SBIN,439,1948.17
CL0082,Diya Gupta,CL0082@example.com,1565949069,13:57:57,NSE,S,TCS,49,2072.47
CL0082,Diya Gupta,CL0082@example.com,1300602791,11:02:52,NSE,B,TATAMOTORS,65,2058.46
CL0082,Diya Gupta,CL0082@example.com,1986204241,14:06:41,NSE,B,ICICIBANK,415,2394.12
CL0082,Diya Gupta,CL0082@example.com,1846649136,12:00:06,NSE,S,SBIN,499,3418.52
CL0082,Diya Gupta,CL0082@example.com,1867682511,11:21:19,NSE,B,TATAMOTORS,369,1016.28
CL0083,Diya Das,CL0083@example.com,1689688482,09:20:56,NSE,S,BHARTIARTL,26,3570.68
CL0083,Diya Das,CL0083@example.com,1307376053,13:19:25,BSE,B,ITC,446,148.89
CL0083,Diya Das,CL0083@example.com,1155619961,14:18:55,BSE,B,ICICIBANK,477,3507.62
CL0083,Diya Das,CL0083@example.com,1352757594,10:32:11,BSE,B,ICICIBANK,477,2550.43
CL0083,Diya Das,CL0083@example.com,1215686977,11:16:38,NSE,S,TCS,143,3883.39
CL0083,Diya Das,CL0083@example.com,1677906697,09:05:46,NSE,S,SBIN,408,606.53
CL0083,Diya Das,CL0083@example.com,1626145771,10:28:43,BSE,S,TATAMOTORS,252,1246.30
CL0083,Diya Das,CL0083@example.com,1317753237,09:22:25,BSE,S,ICICIBANK,474,3973.19
CL0083,Diya Das,CL0083@example.com,1156536392,14:21:43,NSE,B,RELIANCE,240,1063.02
CL0084,Aarav Iyer,CL0084@example.com,1913289629,14:44:28,BSE,S,TCS,157,2503.85
CL0084,Aarav Iyer,CL0084@example.com,1341414570,10:24:41,BSE,S,HDFCBANK,14,704.84
CL0084,Aarav Iyer,CL0084@example.com,1798251221,10:15:36,BSE,B,TCS,327,2379.59
CL0084,Aarav Iyer,CL0084@example.com,1592634865,10:57:47,BSE,B,ICICIBANK,136,1652.06
CL0084,Aarav Iyer,CL0084@example.com,1460898502,10:25:01,NSE,S,HDFCBANK,215,1111.14
CL0084,Aarav Iyer,CL0084@example.com,1164887199,11:33:06,BSE,B,SBIN,384,664.69
CL0084,Aarav Iyer,CL0084@example.com,1173692416,10:48:47,BSE,B,ITC,284,902.55
CL0084,Aarav Iyer,CL0084@example.com,1936291431,10:56:53,NSE,S,RELIANCE,157,1044.88
CL0085,Arjun Reddy,CL0085@example.com,1559138479,14:40:55,BSE,B,INFY,416,776.87
CL0085,Arjun Reddy,CL0085@example.com,1957195512,10:54:40,NSE,S,HDFCBANK,42,2633.45
CL0085,Arjun Reddy,CL0085@example.com,1341029539,13:28:08,BSE,S,BHARTIARTL,53,3434.77
CL0085,Arjun Reddy,CL0085@example.com,1786498355,11:03:04,NSE,S,TCS,300,170.17
CL0085,Arjun Reddy,CL0085@example.com,1852551423,14:07:26,NSE,B,ICICIBANK,308,414.14
CL0085,Arjun Reddy,CL0085@example.com,1423470869,12:53:27,BSE,B,TATAMOTORS,166,2793.82
CL0085,Arjun Reddy,CL0085@example.com,1688771664,10:09:44,NSE,S,BHARTIARTL,383,463.73
CL0085,Arjun Reddy,CL0085@example.com,1118306016,13:43:10,NSE,B,SBIN,246,2233.36
CL0085,Arjun Reddy,CL0085@example.com,1771963509,09:02:17,NSE,B,ICICIBANK,449,3309.85
CL0086,Aarav Singh,CL0086@example.com,1197248582,14:06:22,NSE,S,ICICIBANK,156,2386.35
CL0086,Aarav Singh,CL0086@example.com,1164267543,13:22:43,NSE,B,ITC,119,1584.12
CL0086,Aarav Singh,CL0086@example.com,1941864026,09:14:04,BSE,B,HDFCBANK,327,2326.42
CL0086,Aarav Singh,CL0086@example.com,1485767647,09:03:18,BSE,S,INFY,333,297.56
CL0086,Aarav Singh,CL0086@example.com,1122914028,11:40:14,BSE,B,HDFCBANK,265,3931.10
CL0086,Aarav Singh,CL0086@example.com,1882057672,09:23:17,BSE,S,ICICIBANK,500,1647.68
CL0087,Ananya Iyer,CL0087@example.com,1699164038,10:20:23,BSE,S,TATAMOTORS,304,2631.93
CL0087,Ananya Iyer,CL0087@example.com,1397022307,09:45:39,NSE,S,TATAMOTORS,454,1742.34
CL0087,Ananya Iyer,CL0087@example.com,1739237226,12:58:29,BSE,S,BHARTIARTL,464,330.20
CL0087,Ananya Iyer,CL0087@example.com,1406073302,09:42:42,BSE,S,TCS,406,1170.26
CL0087,Ananya Iyer,CL0087@example.com,1174105428,09:16:48,BSE,B,BHARTIARTL,105,1065.95
CL0087,Ananya Iyer,CL0087@example.com,1608971624,12:41:23,NSE,S,RELIANCE,94,316.95
CL0088,Kabir Nair,CL0088@example.com,1838520687,13:55:47,BSE,B,ICICIBANK,88,962.25
CL0088,Kabir Nair,CL0088@example.com,1763628901,11:04:04,NSE,B,TCS,33,3275.51
CL0088,Kabir Nair,CL0088@example.com,1917680546,13:19:49,BSE,B,ITC,346,3963.87
CL0088,Kabir Nair,CL0088@example.com,1606370196,11:31:07,NSE,S,RELIANCE,411,2746.81
CL0088,Kabir Nair,CL0088@example.com,1221092762,10:17:31,NSE,B,HDFCBANK,390,1823.84
CL0088,Kabir Nair,CL0088@example.com,1337199563,11:45:18,BSE,B,WIPRO,41,3530.32
CL0088,Kabir Nair,CL0088@example.com,1254871960,11:53:27,BSE,S,BHARTIARTL,66,3849.04
CL0088,Kabir Nair,CL0088@example.com,1271296742,12:26:20,BSE,B,TCS,13,1567.03
CL0089,Kabir Khan,CL0089@example.com,1164793531,11:59:14,NSE,S,HDFCBANK,119,1121.32
CL0089,Kabir Khan,CL0089@example.com,1788395715,12:28:59,BSE,B,WIPRO,223,2061.47
CL0089,Kabir Khan,CL0089@example.com,1254013245,11:00:20,BSE,B,HDFCBANK,419,927.08
CL0089,Kabir Khan,CL0089@example.com,1195921241,14:52:57,NSE,S,ITC,469,1386.84
CL0089,Kabir Khan,CL0089@example.com,1562198153,14:32:23,BSE,B,TATAMOTORS,390,577.39
CL0089,Kabir Khan,CL0089@example.com,1192216337,14:49:26,NSE,S,INFY,223,3493.84
CL0090,Diya Sharma,CL0090@example.com,1785805365,09:01:38,NSE,B,BHARTIARTL,43,3670.92
CL0090,Diya Sharma,CL0090@example.com,1967791347,14:42:39,BSE,B,ITC,109,3185.59
CL0090,Diya Sharma,CL0090@example.com,1561707121,14:14:32,BSE,S,HDFCBANK,49,3489.46
CL0090,Diya Sharma,CL0090@example.com,1408069292,10:56:22,BSE,S,ITC,138,3460.13
CL0090,Diya Sharma,CL0090@example.com,1204095815,11:21:55,BSE,B,RELIANCE,432,1884.35
CL0090,Diya Sharma,CL0090@example.com,1585840823,12:28:00,BSE,S,SBIN,44,3279.91
CL0090,Diya Sharma,CL0090@example.com,1280948125,14:34:45,NSE,S,INFY,192,2484.84
CL0090,Diya Sharma,CL0090@example.com,1801483542,12:49:20,NSE,B,INFY,380,3822.22
CL0091,Meera Gupta,CL0091@example.com,1149484782,10:00:51,NSE,S,TATAMOTORS,252,1545.45
CL0091,Meera Gupta,CL0091@example.com,1328644635,14:28:49,BSE,B,ITC,400,1575.27
CL0091,Meera Gupta,CL0091@example.com,1774673714,10:37:53,BSE,S,TCS,302,3404.20
CL0091,Meera Gupta,CL0091@example.com,1161310504,09:48:22,BSE,S,INFY,160,3067.71
CL0091,Meera Gupta,CL0091@example.com,1103099090,14:05:06,BSE,B,WIPRO,408,1064.92
CL0091,Meera Gupta,CL0091@example.com,1203888982,12:17:27,NSE,B,TATAMOTORS,471,3486.27
CL0091,Meera Gupta,CL0091@example.com,1696601226,14:21:24,BSE,B,HDFCBANK,143,3647.51
CL0091,Meera Gupta,CL0091@example.com,1939778982,12:15:14,NSE,B,INFY,294,3548.71
CL0091,Meera Gupta,CL0091@example.com,1441364339,11:49:03,NSE,S,ITC,21,1190.82
CL0091,Meera Gupta,CL0091@example.com,1881830779,11:05:47,NSE,B,ITC,425,3194.47
CL0091,Meera Gupta,CL0091@example.com,1336651669,12:56:43,BSE,B,ICICIBANK,176,1141.39
CL0092,Diya Khan,CL0092@example.com,1605896384,11:11:12,BSE,B,RELIANCE,236,317.85
CL0092,Diya Khan,CL0092@example.com,1822392207,11:56:53,BSE,B,ITC,406,1799.51
CL0092,Diya Khan,CL0092@example.com,1933770889,09:18:09,BSE,B,BHARTIARTL,320,3370.12
CL0092,Diya Khan,CL0092@example.com,1946021349,10:22:46,BSE,B,TATAMOTORS,445,2559.61
CL0092,Diya Khan,CL0092@example.com,1989578295,09:47:26,BSE,B,INFY,36,2945.63
CL0093,Sara Das,CL0093@example.com,1757237284,12:09:14,BSE,S,HDFCBANK,296,1264.29
CL0093,Sara Das,CL0093@example.com,1727055915,13:29:19,BSE,B,HDFCBANK,198,2091.00
CL0093,Sara Das,CL0093@example.com,1648767298,10:32:55,BSE,S,ICICIBANK,494,2707.78
CL0093,Sara Das,CL0093@example.com,1530141168,14:59:27,BSE,B,RELIANCE,122,2399.62
CL0093,Sara Das,CL0093@example.com,1883561399,11:43:16,BSE,B,TCS,402,1272.55
CL0093,Sara Das,CL0093@example.com,1472353962,09:27:51,BSE,B,BHARTIARTL,182,1755.81
CL0093,Sara Das,CL0093@example.com,1565170133,10:50:18,BSE,S,ITC,442,535.74
CL0093,Sara Das,CL0093@example.com,1340959794,10:18:43,BSE,B,WIPRO,349,1382.90
CL0093,Sara Das,CL0093@example.com,1241419912,13:52:56,NSE,S,RELIANCE,443,1488.42
CL0094,Sara Singh,CL0094@example.com,1901276999,13:01:31,NSE,B,ITC,159,1675.36
CL0094,Sara Singh,CL0094@example.com,1839725886,09:44:12,NSE,S,WIPRO,464,999.41
CL0094,Sara Singh,CL0094@example.com,1175661119,09:17:14,BSE,B,RELIANCE,27,3332.79
CL0094,Sara Singh,CL0094@example.com,1674675577,13:37:59,BSE,S,ICICIBANK,5,2873.86
CL0094,Sara Singh,CL0094@example.com,1217996475,11:27:33,NSE,B,BHARTIARTL,485,1916.85
CL0094,Sara Singh,CL0094@example.com,1593304028,13:14:11,NSE,S,RELIANCE,243,519.49
CL0095,Arjun Das,CL0095@example.com,1567363378,09:07:16,BSE,B,RELIANCE,361,2261.17
CL0095,Arjun Das,CL0095@example.com,1133928400,09:02:30,NSE,B,BHARTIARTL,198,571.83
CL0095,Arjun Das,CL0095@example.com,1519593695,13:30:06,NSE,S,BHARTIARTL,346,3013.41
CL0096,Kabir Gupta,CL0096@example.com,1473982366,13:10:20,BSE,S,INFY,246,3505.46
CL0096,Kabir Gupta,CL0096@example.com,1407057063,09:19:59,NSE,S,TATAMOTORS,344,1949.07
CL0096,Kabir Gupta,CL0096@example.com,1196412503,14:02:44,NSE,S,TATAMOTORS,236,2867.47
CL0096,Kabir Gupta,CL0096@example.com,1123276760,13:28:17,NSE,B,INFY,196,1369.75
CL0096,Kabir Gupta,CL0096@example.com,1585223285,13:11:18,BSE,B,HDFCBANK,315,2852.39
CL0096,Kabir Gupta,CL0096@example.com,1949298704,12:39:58,BSE,S,WIPRO,399,2081.68
CL0097,Kabir Nair,CL0097@example.com,1465436747,09:13:17,NSE,S,ICICIBANK,422,1540.87
CL0097,Kabir Nair,CL0097@example.com,1604956937,14:39:32,NSE,S,SBIN,346,2929.81
CL0097,Kabir Nair,CL0097@example.com,1916628436,14:20:44,BSE,B,TCS,406,1902.11
CL0097,Kabir Nair,CL0097@example.com,1952719038,11:44:07,NSE,B,TCS,245,1767.81
CL0097,Kabir Nair,CL0097@example.com,1134837114,12:47:49,NSE,B,TATAMOTORS,399,3779.37
CL0097,Kabir Nair,CL0097@example.com,1221216629,13:48:07,BSE,S,INFY,216,1102.99
CL0097,Kabir Nair,CL0097@example.com,1508536012,13:50:47,NSE,B,WIPRO,419,1035.78
CL0097,Kabir Nair,CL0097@example.com,1879792874,11:21:06,NSE,B,HDFCBANK,299,626.93
CL0098,Ananya Gupta,CL0098@example.com,1330829864,11:47:00,BSE,S,INFY,453,849.97
CL0098,Ananya Gupta,CL0098@example.com,1384119241,11:51:20,NSE,S,BHARTIARTL,178,2703.01
CL0098,Ananya Gupta,CL0098@example.com,1285715039,14:52:13,BSE,S,ITC,325,3239.49
CL0099,Rohan Gupta,CL0099@example.com,1848774945,09:55:21,NSE,B,SBIN,258,259.33
CL0099,Rohan Gupta,CL0099@example.com,1810609838,13:35:01,BSE,B,BHARTIARTL,231,3480.22
CL0099,Rohan Gupta,CL0099@example.com,1193858926,09:23:07,BSE,S,RELIANCE,373,1036.81
CL0099,Rohan Gupta,CL0099@example.com,1394019859,13:37:53,BSE,S,WIPRO,314,1038.69
CL0099,Rohan Gupta,CL0099@example.com,1731185745,11:31:00,BSE,S,ITC,414,940.82
CL0099,Rohan Gupta,CL0099@example.com,1478222466,14:39:36,BSE,S,ICICIBANK,400,2313.11
CL0099,Rohan Gupta,CL0099@example.com,1929846632,14:57:58,NSE,S,TCS,5,3790.98
CL0099,Rohan Gupta,CL0099@example.com,1898272846,09:14:41,BSE,S,BHARTIARTL,481,1430.49
CL0099,Rohan Gupta,CL0099@example.com,1765846119,11:51:53,BSE,B,BHARTIARTL,74,3094.74
CL0099,Rohan Gupta,CL0099@example.com,1906957756,14:00:17,BSE,S,RELIANCE,118,2914.08
CL0099,Rohan Gupta,CL0099@example.com,1779538395,09:35:02,NSE,B,TCS,158,2504.17
CL0100,Ananya Singh,CL0100@example.com,1530617201,12:15:34,BSE,B,TATAMOTORS,77,1338.36
CL0100,Ananya Singh,CL0100@example.com,1181187086,09:25:26,NSE,B,SBIN,187,2830.41
CL0100,Ananya Singh,CL0100@example.com,1871424622,12:06:25,NSE,S,SBIN,324,1421.63
CL0100,Ananya Singh,CL0100@example.com,1725534398,12:35:45,NSE,S,TATAMOTORS,79,2603.59
CL0100,Ananya Singh,CL0100@example.com,1324361957,11:17:47,NSE,S,RELIANCE,488,3565.24
CL0100,Ananya Singh,CL0100@example.com,1393731180,12:12:26,NSE,B,TCS,226,3614.48
CL0101,Arjun Nair,CL0101@example.com,1116200365,12:04:35,BSE,S,INFY,81,3675.72
CL0101,Arjun Nair,CL0101@example.com,1999378574,10:22:26,BSE,S,ICICIBANK,428,1125.50
CL0101,Arjun Nair,CL0101@example.com,1390526686,10:23:07,NSE,B,RELIANCE,497,2243.07
CL0101,Arjun Nair,CL0101@example.com,1641860485,11:12:04,NSE,B,WIPRO,160,2495.39
CL0102,Kabir Nair,CL0102@example.com,1289546510,12:31:13,BSE,B,ITC,95,1791.21
CL0102,Kabir Nair,CL0102@example.com,1534333451,12:10:44,NSE,B,HDFCBANK,473,1646.68
CL0102,Kabir Nair,CL0102@example.com,1617828102,11:52:36,NSE,S,BHARTIARTL,156,2385.46
CL0102,Kabir Nair,CL0102@example.com,1304336197,10:53:25,BSE,S,TATAMOTORS,16,3800.87
CL0102,Kabir Nair,CL0102@example.com,1927892226,10:03:53,NSE,S,BHARTIARTL,50,929.37
CL0102,Kabir Nair,CL0102@example.com,1450473728,13:43:39,NSE,B,RELIANCE,113,336.29
CL0102,Kabir Nair,CL0102@example.com,1368350768,10:27:33,NSE,B,ITC,363,3850.00
CL0102,Kabir Nair,CL0102@example.com,1433793532,13:05:41,NSE,S,HDFCBANK,500,3433.86
CL0103,Sara Iyer,CL0103@example.com,1694518662,09:14:30,BSE,B,ICICIBANK,184,1618.56
CL0103,Sara Iyer,CL0103@example.com,1885147050,12:16:18,BSE,S,WIPRO,206,3675.01
CL0103,Sara Iyer,CL0103@example.com,1664650852,09:02:21,NSE,S,SBIN,400,3654.61
CL0103,Sara Iyer,CL0103@example.com,1754364006,12:48:17,NSE,B,ICICIBANK,303,2340.18
CL0103,Sara Iyer,CL0103@example.com,1475622584,10:22:43,BSE,S,WIPRO,267,902.30
CL0103,Sara Iyer,CL0103@example.com,1471413859,13:42:59,BSE,B,HDFCBANK,169,418.30
CL0103,Sara Iyer,CL0103@example.com,1556608280,13:04:00,NSE,S,WIPRO,443,313.91
CL0103,Sara Iyer,CL0103@example.com,1183413786,11:35:07,BSE,S,INFY,459,549.48
CL0104,Sara Gupta,CL0104@example.com,1724641973,11:34:52,NSE,B,WIPRO,243,174.16
CL0104,Sara Gupta,CL0104@example.com,1156667635,11:12:06,BSE,S,HDFCBANK,26,1490.68
CL0104,Sara Gupta,CL0104@example.com,1602548369,09:34:00,NSE,S,WIPRO,246,3875.56
CL0104,Sara Gupta,CL0104@example.com,1574298345,09:25:26,BSE,S,ICICIBANK,316,1620.22
CL0104,Sara Gupta,CL0104@example.com,1862283654,10:43:57,BSE,S,ICICIBANK,289,2607.87
CL0104,Sara Gupta,CL0104@example.com,1275788797,13:42:50,BSE,S,SBIN,195,3435.90
CL0104,Sara Gupta,CL0104@example.com,1409023620,13:16:08,BSE,B,SBIN,345,467.37
CL0104,Sara Gupta,CL0104@example.com,1141632121,13:04:30,BSE,B,TATAMOTORS,289,2105.91
CL0104,Sara Gupta,CL0104@example.com,1677897655,14:13:40,BSE,B,ICICIBANK,85,1117.17
CL0105,Ananya Sharma,CL0105@example.com,1223122361,14:11:34,BSE,B,RELIANCE,361,559.74
CL0105,Ananya Sharma,CL0105@example.com,1629715881,09:17:52,BSE,S,ICICIBANK,380,1267.22
CL0105,Ananya Sharma,CL0105@example.com,1376664985,13:28:30,BSE,B,ITC,274,3737.10
CL0105,Ananya Sharma,CL0105@example.com,1216644343,11:34:45,BSE,S,BHARTIARTL,265,3544.37
CL0105,Ananya Sharma,CL0105@example.com,1306643867,10:38:24,NSE,S,RELIANCE,208,2109.68
CL0105,Ananya Sharma,CL0105@example.com,1385839292,10:54:25,NSE,S,INFY,465,372.64
CL0106,Ishaan Sharma,CL0106@example.com,1392383531,14:37:54,NSE,S,SBIN,362,3405.98
CL0106,Ishaan Sharma,CL0106@example.com,1716375976,13:57:40,BSE,B,INFY,206,776.93
CL0106,Ishaan Sharma,CL0106@example.com,1294856852,09:31:40,BSE,S,WIPRO,404,761.31
CL0106,Ishaan Sharma,CL0106@example.com,1688214542,12:03:19,BSE,S,BHARTIARTL,429,3850.93
CL0106,Ishaan Sharma,CL0106@example.com,1909925243,14:51:38,NSE,S,INFY,89,1997.18
CL0106,Ishaan Sharma,CL0106@example.com,1354790251,13:45:10,NSE,S,INFY,168,3528.16
CL0106,Ishaan Sharma,CL0106@example.com,1781591418,13:29:21,NSE,B,WIPRO,438,3966.69
CL0106,Ishaan Sharma,CL0106@example.com,1823842636,12:54:24,BSE,B,ITC,46,1828.54
CL0106,Ishaan Sharma,CL0106@example.com,1622663903,10:48:25,NSE,S,ITC,261,475.74
CL0107,Ishaan Iyer,CL0107@example.com,1992942696,13:32:35,BSE,B,RELIANCE,458,463.60
CL0107,Ishaan Iyer,CL0107@example.com,1678438859,09:38:08,BSE,S,ICICIBANK,163,319.16
CL0107,Ishaan Iyer,CL0107@example.com,1607032441,09:56:58,BSE,B,WIPRO,475,1804.68
CL0107,Ishaan Iyer,CL0107@example.com,1302036380,10:51:29,BSE,S,WIPRO,118,2288.44
CL0107,Ishaan Iyer,CL0107@example.com,1727351618,13:17:16,BSE,S,ICICIBANK,221,1462.81
CL0107,Ishaan Iyer,CL0107@example.com,1716017732,14:51:28,BSE,B,BHARTIARTL,366,3003.42
CL0107,Ishaan Iyer,CL0107@example.com,1669487977,12:25:40,BSE,B,ITC,149,655.37
CL0107,Ishaan Iyer,CL0107@example.com,1234724541,13:30:51,NSE,B,TCS,351,1871.70
CL0107,Ishaan Iyer,CL0107@example.com,1144036308,12:22:28,BSE,S,TATAMOTORS,487,629.09
CL0108,Vihaan Khan,CL0108@example.com,1638881014,14:09:01,BSE,S,ICICIBANK,14,1379.41
CL0108,Vihaan Khan,CL0108@example.com,1542988089,14:36:40,NSE,B,SBIN,405,1259.52
CL0108,Vihaan Khan,CL0108@example.com,1601341153,09:56:11,BSE,S,TATAMOTORS,276,1654.63
CL0108,Vihaan Khan,CL0108@example.com,1363228790,14:31:23,NSE,S,HDFCBANK,416,2697.23
CL0109,Ananya Reddy,CL0109@example.com,1479485380,13:30:55,BSE,S,SBIN,475,3741.91
CL0109,Ananya Reddy,CL0109@example.com,1715895637,12:51:06,NSE,S,SBIN,24,2826.92
CL0109,Ananya Reddy,CL0109@example.com,1649317203,14:14:34,BSE,B,SBIN,476,1684.10
CL0109,Ananya Reddy,CL0109@example.com,1324004372,09:04:22,NSE,S,ITC,396,2149.92
CL0110,Rohan Singh,CL0110@example.com,1912708283,09:48:45,NSE,S,TATAMOTORS,373,618.59
CL0110,Rohan Singh,CL0110@example.com,1166055660,10:42:16,BSE,S,WIPRO,151,1601.44
CL0110,Rohan Singh,CL0110@example.com,1708841138,10:24:52,BSE,B,WIPRO,303,3512.47
CL0110,Rohan Singh,CL0110@example.com,1930442876,14:18:13,NSE,B,INFY,399,319.17
CL0110,Rohan Singh,CL0110@example.com,1365447965,10:52:41,BSE,B,WIPRO,28,3533.55
CL0110,Rohan Singh,CL0110@example.com,1754111654,12:31:40,BSE,B,ICICIBANK,449,2682.71
CL0110,Rohan Singh,CL0110@example.com,1128136913,11:59:41,BSE,S,TCS,416,777.40
CL0110,Rohan Singh,CL0110@example.com,1134080451,12:21:38,NSE,B,ICICIBANK,267,604.31
CL0111,Diya Khan,CL0111@example.com,1412076053,10:49:53,BSE,S,TATAMOTORS,29,1360.19
CL0111,Diya Khan,CL0111@example.com,1896713333,09:48:31,NSE,S,HDFCBANK,392,3658.92
CL0111,Diya Khan,CL0111@example.com,1583204669,11:25:05,BSE,S,ICICIBANK,165,3305.09
CL0111,Diya Khan,CL0111@example.com,1948261181,10:09:30,BSE,B,ICICIBANK,464,3006.62
CL0111,Diya Khan,CL0111@example.com,1741540816,13:19:51,NSE,B,ICICIBANK,122,3042.19
CL0111,Diya Khan,CL0111@example.com,1924295864,09:15:48,BSE,B,INFY,336,2017.00
CL0111,Diya Khan,CL0111@example.com,1299164887,13:44:04,BSE,B,ICICIBANK,26,312.03
CL0111,Diya Khan,CL0111@example.com,1522002229,12:19:21,NSE,B,TCS,82,1850.14
CL0111,Diya Khan,CL0111@example.com,1516727242,12:22:04,BSE,S,SBIN,170,3867.89
CL0112,Ishaan Sharma,CL0112@example.com,1980734746,13:14:45,BSE,S,INFY,277,1000.23
CL0112,Ishaan Sharma,CL0112@example.com,1886883062,14:59:41,BSE,S,INFY,23,2002.97
CL0112,Ishaan Sharma,CL0112@example.com,1707005879,13:52:01,BSE,S,TATAMOTORS,244,649.83
CL0112,Ishaan Sharma,CL0112@example.com,1953580465,12:40:07,BSE,B,ITC,369,3747.63
CL0112,Ishaan Sharma,CL0112@example.com,1516198872,12:00:50,NSE,S,ICICIBANK,145,2984.86
CL0112,Ishaan Sharma,CL0112@example.com,1362211986,11:55:35,BSE,S,ICICIBANK,198,3641.49
CL0113,Rohan Reddy,CL0113@example.com,1916221672,12:23:16,BSE,B,TATAMOTORS,145,2161.00
CL0113,Rohan Reddy,CL0113@example.com,1561497044,11:08:58,BSE,B,SBIN,229,593.27
CL0113,Rohan Reddy,CL0113@example.com,1384960178,10:32:42,NSE,B,WIPRO,414,3505.94
CL0114,Diya Nair,CL0114@example.com,1223125310,12:41:19,NSE,S,TCS,89,852.69
CL0114,Diya Nair,CL0114@example.com,1172208152,10:05:34,BSE,S,ICICIBANK,86,3791.61
CL0114,Diya Nair,CL0114@example.com,1733466149,13:07:30,BSE,B,BHARTIARTL,56,284.56
CL0114,Diya Nair,CL0114@example.com,1258869324,11:55:30,NSE,S,BHARTIARTL,281,2105.57
CL0114,Diya Nair,CL0114@example.com,1371263454,12:05:29,NSE,S,SBIN,158,2332.00
CL0114,Diya Nair,CL0114@example.com,1418922099,10:58:33,NSE,S,WIPRO,476,1284.67
CL0114,Diya Nair,CL0114@example.com,1306699139,13:01:12,NSE,S,HDFCBANK,90,680.20
CL0114,Diya Nair,CL0114@example.com,1191169607,14:41:55,NSE,S,BHARTIARTL,411,3334.75
CL0114,Diya Nair,CL0114@example.com,1666902947,09:36:44,BSE,B,RELIANCE,126,956.91
CL0115,Vihaan Patel,CL0115@example.com,1806037959,12:15:42,BSE,S,BHARTIARTL,395,1897.59
CL0115,Vihaan Patel,CL0115@example.com,1353051179,14:11:06,BSE,B,ICICIBANK,175,2668.84
CL0115,Vihaan Patel,CL0115@example.com,1763407304,12:17:22,BSE,S,HDFCBANK,40,2312.29
CL0115,Vihaan Patel,CL0115@example.com,1189239850,09:13:18,NSE,B,ICICIBANK,434,2292.65
CL0116,Vihaan Khan,CL0116@example.com,1561335941,10:06:09,NSE,S,ITC,297,930.94
CL0116,Vihaan Khan,CL0116@example.com,1955689604,14:02:51,BSE,S,ITC,164,3776.85
CL0116,Vihaan Khan,CL0116@example.com,1637407007,11:56:59,NSE,S,TATAMOTORS,85,460.02
CL0116,Vihaan Khan,CL0116@example.com,1356667195,10:58:58,BSE,B,TCS,86,3063.61
CL0116,Vihaan Khan,CL0116@example.com,1144174753,14:39:14,BSE,S,RELIANCE,208,1212.59
CL0116,Vihaan Khan,CL0116@example.com,1477892228,11:55:55,NSE,S,TCS,383,1085.49
CL0117,Ananya Sharma,CL0117@example.com,1942564360,10:50:57,BSE,B,SBIN,461,1882.41
CL0117,Ananya Sharma,CL0117@example.com,1813956338,13:41:50,NSE,S,BHARTIARTL,152,3732.05
CL0117,Ananya Sharma,CL0117@example.com,1827416244,13:33:36,BSE,B,BHARTIARTL,277,2854.48
CL0117,Ananya Sharma,CL0117@example.com,1772333820,11:24:29,NSE,S,ITC,3,2511.73
CL0117,Ananya Sharma,CL0117@example.com,1156479267,14:31:50,NSE,B,ITC,35,3761.11
CL0117,Ananya Sharma,CL0117@example.com,1717911874,09:13:25,BSE,B,HDFCBANK,395,989.19
CL0117,Ananya Sharma,CL0117@example.com,1465662360,11:15:22,BSE,B,SBIN,450,812.63
CL0117,Ananya Sharma,CL0117@example.com,1552555124,10:45:06,NSE,B,INFY,492,2016.68
CL0117,Ananya Sharma,CL0117@example.com,1254590238,13:21:58,NSE,B,INFY,274,3434.52
CL0117,Ananya Sharma,CL0117@example.com,1111021319,13:39:20,BSE,B,ITC,286,2287.73
CL0118,Ishaan Khan,CL0118@example.com,1571904845,10:46:16,BSE,B,SBIN,371,705.30
CL0118,Ishaan Khan,CL0118@example.com,1799140414,11:15:15,NSE,B,BHARTIARTL,282,3736.99
CL0118,Ishaan Khan,CL0118@example.com,1274357124,10:25:34,BSE,S,RELIANCE,352,145.71
CL0118,Ishaan Khan,CL0118@example.com,1793736878,12:01:11,BSE,S,INFY,254,2922.23
CL0118,Ishaan Khan,CL0118@example.com,1771561136,14:48:58,NSE,S,TATAMOTORS,252,132.73
CL0118,Ishaan Khan,CL0118@example.com,1254044908,11:56:04,BSE,S,RELIANCE,347,2742.14
CL0118,Ishaan Khan,CL0118@example.com,1416661156,12:05:37,BSE,S,WIPRO,250,2161.84
CL0119,Ananya Sharma,CL0119@example.com,1498687091,11:56:06,NSE,S,ICICIBANK,408,2293.86
CL0119,Ananya Sharma,CL0119@example.com,1271555549,09:56:13,BSE,B,TCS,302,3022.55
CL0119,Ananya Sharma,CL0119@example.com,1756891456,12:03:55,BSE,B,SBIN,56,3809.79
CL0119,Ananya Sharma,CL0119@example.com,1177209930,13:41:05,BSE,S,WIPRO,311,411.35
CL0119,Ananya Sharma,CL0119@example.com,1522925579,14:17:20,BSE,B,INFY,319,1953.51
CL0119,Ananya Sharma,CL0119@example.com,1825228517,12:14:43,NSE,B,TCS,377,987.00
CL0119,Ananya Sharma,CL0119@example.com,1173792597,10:00:48,BSE,S,INFY,33,3985.46
CL0119,Ananya Sharma,CL0119@example.com,1717729191,11:27:52,BSE,B,INFY,392,888.23
CL0119,Ananya Sharma,CL0119@example.com,1343948879,12:33:39,BSE,S,HDFCBANK,421,1675.06
CL0120,Rohan Singh,CL0120@example.com,1324663206,09:12:49,NSE,B,BHARTIARTL,214,2411.79
CL0120,Rohan Singh,CL0120@example.com,1693932624,10:47:15,NSE,S,ITC,384,1605.75
CL0120,Rohan Singh,CL0120@example.com,1599001272,14:23:06,BSE,S,SBIN,115,2953.91
CL0120,Rohan Singh,CL0120@example.com,1832415442,12:07:03,NSE,S,TATAMOTORS,481,2957.00
CL0120,Rohan Singh,CL0120@example.com,1471756833,12:16:26,BSE,B,SBIN,365,1321.29
CL0120,Rohan Singh,CL0120@example.com,1216867150,14:12:41,BSE,S,WIPRO,408,653.70
CL0120,Rohan Singh,CL0120@example.com,1975695580,11:38:53,NSE,B,INFY,133,2309.73
CL0121,Kabir Iyer,CL0121@example.com,1924954571,09:55:31,BSE,B,HDFCBANK,440,2333.22
CL0121,Kabir Iyer,CL0121@example.com,1460927358,10:35:44,NSE,S,TCS,239,3135.57
CL0121,Kabir Iyer,CL0121@example.com,1661539928,11:58:03,NSE,B,RELIANCE,492,1355.55
CL0121,Kabir Iyer,CL0121@example.com,1176559226,14:31:50,NSE,S,ICICIBANK,174,1119.98
CL0122,Aarav Khan,CL0122@example.com,1695270934,14:48:17,NSE,B,ITC,41,429.09
CL0122,Aarav Khan,CL0122@example.com,1972358036,13:33:13,BSE,S,SBIN,405,932.72
CL0122,Aarav Khan,CL0122@example.com,1803899807,12:15:35,NSE,S,BHARTIARTL,57,1966.92
CL0122,Aarav Khan,CL0122@example.com,1433510430,09:05:01,NSE,S,BHARTIARTL,63,3989.67
CL0122,Aarav Khan,CL0122@example.com,1678680800,10:00:52,BSE,S,RELIANCE,398,415.13
CL0122,Aarav Khan,CL0122@example.com,1658378911,11:23:34,BSE,S,ITC,127,1486.19
CL0123,Aarav Khan,CL0123@example.com,1196268604,14:00:15,NSE,B,RELIANCE,470,2381.78
CL0123,Aarav Khan,CL0123@example.com,1595647016,11:57:20,BSE,S,INFY,481,1750.45
CL0123,Aarav Khan,CL0123@example.com,1106305083,14:50:56,NSE,S,TATAMOTORS,18,1341.08
CL0123,Aarav Khan,CL0123@example.com,1389091684,14:07:04,NSE,S,TATAMOTORS,109,2404.72
CL0123,Aarav Khan,CL0123@example.com,1766949825,11:54:47,NSE,S,WIPRO,403,2969.61
CL0123,Aarav Khan,CL0123@example.com,1214548289,09:31:52,NSE,S,INFY,36,3216.02
CL0123,Aarav Khan,CL0123@example.com,1114252384,13:35:07,NSE,B,TATAMOTORS,364,1361.56
CL0123,Aarav Khan,CL0123@example.com,1709740216,12:11:29,BSE,B,ICICIBANK,309,1332.35
CL0124,Aarav Patel,CL0124@example.com,1782402458,09:20:39,BSE,B,INFY,71,1456.40
CL0124,Aarav Patel,CL0124@example.com,1790032905,12:11:43,NSE,S,WIPRO,235,2787.00
CL0124,Aarav Patel,CL0124@example.com,1713026333,12:23:15,NSE,B,WIPRO,460,1826.74
CL0124,Aarav Patel,CL0124@example.com,1665526992,12:44:24,BSE,S,ITC,381,1324.42
CL0124,Aarav Patel,CL0124@example.com,1208766619,10:07:16,BSE,B,SBIN,365,2141.44
CL0125,Vihaan Khan,CL0125@example.com,1945850180,09:27:26,NSE,B,ITC,201,1803.69
CL0125,Vihaan Khan,CL0125@example.com,1390177410,11:18:21,NSE,S,ICICIBANK,17,1765.15
CL0125,Vihaan Khan,CL0125@example.com,1966755692,13:05:44,NSE,B,HDFCBANK,162,1492.27
CL0125,Vihaan Khan,CL0125@example.com,1268978823,09:48:29,NSE,S,INFY,455,2117.21
CL0125,Vihaan Khan,CL0125@example.com,1294035292,10:07:34,BSE,B,HDFCBANK,21,102.34
CL0126,Rohan Gupta,CL0126@example.com,1331412196,12:42:09,BSE,B,WIPRO,322,362.03
CL0126,Rohan Gupta,CL0126@example.com,1695239698,13:06:35,NSE,B,BHARTIARTL,151,1165.44
CL0126,Rohan Gupta,CL0126@example.com,1911776244,11:02:42,BSE,B,SBIN,337,2808.75
CL0127,Meera Sharma,CL0127@example.com,1942478121,10:28:18,NSE,S,ITC,54,1224.10
CL0127,Meera Sharma,CL0127@example.com,1687701994,12:52:02,BSE,B,ICICIBANK,295,812.47
CL0127,Meera Sharma,CL0127@example.com,1816693402,09:14:53,NSE,S,SBIN,219,3771.61
CL0127,Meera Sharma,CL0127@example.com,1835907527,12:35:57,BSE,S,WIPRO,436,427.53
CL0127,Meera Sharma,CL0127@example.com,1191408335,13:02:01,BSE,B,INFY,32,1083.33
CL0128,Aarav Singh,CL0128@example.com,1926092053,13:44:36,BSE,B,HDFCBANK,339,2037.10
CL0128,Aarav Singh,CL0128@example.com,1237537688,10:29:32,BSE,S,TATAMOTORS,109,2977.41
CL0128,Aarav Singh,CL0128@example.com,1459381788,12:30:12,BSE,S,RELIANCE,435,346.37
CL0128,Aarav Singh,CL0128@example.com,1832433171,09:44:44,BSE,S,TATAMOTORS,472,1748.81
CL0128,Aarav Singh,CL0128@example.com,1639858020,10:11:55,BSE,B,SBIN,352,1906.20
CL0128,Aarav Singh,CL0128@example.com,1826369722,13:49:02,NSE,S,SBIN,361,1422.61
CL0128,Aarav Singh,CL0128@example.com,1782173806,11:17:24,NSE,S,INFY,23,3982.25
CL0128,Aarav Singh,CL0128@example.com,1740759577,13:16:08,BSE,S,RELIANCE,91,3669.17
CL0128,Aarav Singh,CL0128@example.com,1578749164,09:56:26,BSE,S,INFY,490,2271.23
CL0129,Rohan Das,CL0129@example.com,1833638010,10:36:12,BSE,S,TCS,61,1491.85
CL0129,Rohan Das,CL0129@example.com,1522971721,12:52:44,NSE,B,ITC,281,3294.65
CL0129,Rohan Das,CL0129@example.com,1603699571,12:54:47,NSE,S,SBIN,369,2063.06
CL0129,Rohan Das,CL0129@example.com,1817612376,11:36:51,NSE,B,TCS,110,1118.37
CL0129,Rohan Das,CL0129@example.com,1273102590,09:37:29,BSE,B,TATAMOTORS,76,1855.43
CL0129,Rohan Das,CL0129@example.com,1238729174,14:49:18,NSE,B,BHARTIARTL,264,2494.17
CL0129,Rohan Das,CL0129@example.com,1642617934,13:22:10,BSE,B,BHARTIARTL,66,3245.87
CL0130,Meera Nair,CL0130@example.com,1654452313,12:41:41,NSE,B,ICICIBANK,30,1858.77
CL0130,Meera Nair,CL0130@example.com,1722291409,10:23:46,NSE,B,INFY,385,572.76
CL0130,Meera Nair,CL0130@example.com,1837644776,14:45:43,BSE,B,HDFCBANK,243,2705.99
CL0130,Meera Nair,CL0130@example.com,1623620982,13:26:17,BSE,S,TATAMOTORS,62,1864.06
CL0130,Meera Nair,CL0130@example.com,1660817183,09:56:15,BSE,B,SBIN,36,1549.50
CL0130,Meera Nair,CL0130@example.com,1271673174,09:53:40,BSE,S,ICICIBANK,401,1439.75
CL0130,Meera Nair,CL0130@example.com,1418312346,11:33:40,BSE,B,SBIN,485,3809.54
CL0130,Meera Nair,CL0130@example.com,1194430522,12:21:00,NSE,B,SBIN,192,2398.00
CL0131,Meera Gupta,CL0131@example.com,1466263846,10:45:09,BSE,B,INFY,103,2122.71
CL0131,Meera Gupta,CL0131@example.com,1259850203,10:51:16,BSE,B,WIPRO,413,2939.06
CL0131,Meera Gupta,CL0131@example.com,1403077052,13:01:00,BSE,S,SBIN,295,1090.97
CL0131,Meera Gupta,CL0131@example.com,1601505163,12:26:17,NSE,S,HDFCBANK,286,215.04
CL0132,Ishaan Sharma,CL0132@example.com,1221691316,14:30:27,BSE,B,RELIANCE,295,508.29
CL0132,Ishaan Sharma,CL0132@example.com,1299972339,14:08:10,BSE,S,INFY,189,725.20
CL0132,Ishaan Sharma,CL0132@example.com,1475166422,14:25:58,NSE,S,TCS,132,2804.95
CL0132,Ishaan Sharma,CL0132@example.com,1935348734,14:16:29,NSE,S,BHARTIARTL,319,318.94
CL0133,Meera Singh,CL0133@example.com,1360550416,09:42:32,NSE,S,ICICIBANK,362,3779.57
CL0133,Meera Singh,CL0133@example.com,1636123405,11:00:01,BSE,S,ITC,363,1737.79
CL0133,Meera Singh,CL0133@example.com,1157538580,11:43:29,NSE,B,TCS,59,562.16
CL0133,Meera Singh,CL0133@example.com,1728915892,11:53:50,BSE,S,WIPRO,394,2572.63
CL0133,Meera Singh,CL0133@example.com,1529889867,14:42:59,NSE,S,ITC,158,386.94
CL0133,Meera Singh,CL0133@example.com,1507778962,10:45:51,BSE,B,ICICIBANK,465,3354.12
CL0134,Ananya Sharma,CL0134@example.com,1310158822,12:14:29,NSE,S,TCS,283,1943.45
CL0134,Ananya Sharma,CL0134@example.com,1326137998,14:24:35,BSE,S,SBIN,192,2402.88
CL0134,Ananya Sharma,CL0134@example.com,1444915776,11:45:01,NSE,S,WIPRO,121,2260.96
CL0134,Ananya Sharma,CL0134@example.com,1101933450,13:35:33,BSE,S,INFY,329,376.76
CL0134,Ananya Sharma,CL0134@example.com,1349608701,13:51:07,NSE,S,TCS,125,1285.76
CL0134,Ananya Sharma,CL0134@example.com,1225517343,13:30:57,BSE,S,ICICIBANK,249,3925.22
CL0135,Sara Reddy,CL0135@example.com,1773898336,14:00:20,NSE,S,ICICIBANK,156,813.83
CL0135,Sara Reddy,CL0135@example.com,1796496264,11:47:21,BSE,S,BHARTIARTL,399,2589.30
CL0135,Sara Reddy,CL0135@example.com,1961471854,09:03:33,NSE,B,INFY,22,486.09
CL0135,Sara Reddy,CL0135@example.com,1876762659,09:25:12,BSE,S,ITC,473,1561.76
CL0135,Sara Reddy,CL0135@example.com,1432920203,10:41:06,NSE,B,ICICIBANK,259,3800.22
CL0135,Sara Reddy,CL0135@example.com,1635437865,11:31:18,BSE,B,RELIANCE,140,3583.88
CL0136,Aarav Reddy,CL0136@example.com,1544825953,11:06:56,BSE,S,RELIANCE,315,2187.47
CL0136,Aarav Reddy,CL0136@example.com,1375792003,09:08:47,BSE,B,INFY,84,721.81
CL0136,Aarav Reddy,CL0136@example.com,1836436221,11:33:48,NSE,S,TATAMOTORS,291,721.71
CL0136,Aarav Reddy,CL0136@example.com,1740717294,11:14:17,BSE,B,RELIANCE,255,3257.04
CL0136,Aarav Reddy,CL0136@example.com,1493263916,09:05:44,BSE,S,TCS,57,3220.02
CL0137,Rohan Das,CL0137@example.com,1994392228,10:49:56,BSE,B,ITC,42,3771.59
CL0137,Rohan Das,CL0137@example.com,1615838898,09:30:13,NSE,B,HDFCBANK,43,1511.74
CL0137,Rohan Das,CL0137@example.com,1318882999,09:51:14,NSE,B,INFY,9,3553.48
CL0137,Rohan Das,CL0137@example.com,1402180936,11:58:39,NSE,B,BHARTIARTL,281,3875.28
CL0137,Rohan Das,CL0137@example.com,1969058930,09:57:56,BSE,S,TATAMOTORS,15,1618.39
CL0138,Ananya Khan,CL0138@example.com,1633417920,11:34:47,NSE,S,HDFCBANK,482,2838.52
CL0138,Ananya Khan,CL0138@example.com,1983339621,14:08:51,BSE,S,BHARTIARTL,86,3433.98
CL0138,Ananya Khan,CL0138@example.com,1604792044,09:29:37,BSE,S,ITC,415,3844.83
CL0139,Vihaan Sharma,CL0139@example.com,1835762470,10:42:36,BSE,S,ITC,414,2505.03
CL0139,Vihaan Sharma,CL0139@example.com,1685990380,11:31:01,BSE,S,HDFCBANK,424,2138.14
CL0139,Vihaan Sharma,CL0139@example.com,1846032330,10:52:43,NSE,S,ICICIBANK,314,1809.72
CL0139,Vihaan Sharma,CL0139@example.com,1150312754,09:18:48,NSE,B,SBIN,72,2838.85
CL0139,Vihaan Sharma,CL0139@example.com,1534311735,14:53:39,BSE,B,INFY,125,1860.02
CL0139,Vihaan Sharma,CL0139@example.com,1880981283,10:22:32,NSE,S,HDFCBANK,236,2766.96
CL0139,Vihaan Sharma,CL0139@example.com,1754735106,13:40:05,BSE,S,TCS,493,3189.48
CL0140,Aarav Singh,CL0140@example.com,1426484447,14:21:27,NSE,B,ICICIBANK,335,1560.44
CL0140,Aarav Singh,CL0140@example.com,1298825620,14:05:23,NSE,B,ITC,10,2487.33
CL0140,Aarav Singh,CL0140@example.com,1847250559,10:59:49,BSE,B,HDFCBANK,191,1794.52
CL0140,Aarav Singh,CL0140@example.com,1809010487,11:00:38,BSE,B,INFY,317,3927.64
CL0140,Aarav Singh,CL0140@example.com,1921631868,09:12:14,NSE,S,ICICIBANK,60,2047.89
CL0141,Diya Nair,CL0141@example.com,1753604198,11:48:22,NSE,B,ICICIBANK,347,3335.45
CL0141,Diya Nair,CL0141@example.com,1932576670,12:27:50,NSE,S,RELIANCE,51,1678.24
CL0141,Diya Nair,CL0141@example.com,1815769727,12:46:42,BSE,B,TCS,255,1519.04
CL0141,Diya Nair,CL0141@example.com,1658032448,09:28:35,NSE,B,RELIANCE,264,311.55
CL0141,Diya Nair,CL0141@example.com,1818315310,12:00:41,BSE,S,ITC,27,2931.01
CL0141,Diya Nair,CL0141@example.com,1148924035,12:39:50,BSE,B,ITC,496,1631.87
CL0141,Diya Nair,CL0141@example.com,1720599603,11:20:28,BSE,S,TATAMOTORS,497,880.86
CL0141,Diya Nair,CL0141@example.com,1530826337,09:35:52,NSE,S,SBIN,112,1339.32
CL0142,Vihaan Nair,CL0142@example.com,1200043301,12:28:37,NSE,B,SBIN,447,1655.41
CL0142,Vihaan Nair,CL0142@example.com,1433963882,10:30:01,NSE,S,ICICIBANK,421,806.30
CL0142,Vihaan Nair,CL0142@example.com,1744269944,11:52:28,BSE,B,HDFCBANK,441,2548.82
CL0142,Vihaan Nair,CL0142@example.com,1106577113,11:05:45,NSE,B,RELIANCE,262,3802.60
CL0142,Vihaan Nair,CL0142@example.com,1217843874,13:17:22,BSE,S,TATAMOTORS,228,2825.90
CL0142,Vihaan Nair,CL0142@example.com,1120334443,14:18:19,NSE,B,INFY,191,3101.28
CL0142,Vihaan Nair,CL0142@example.com,1429227100,09:39:11,BSE,S,ICICIBANK,500,1890.78
CL0143,Kabir Iyer,CL0143@example.com,1248473901,12:45:09,NSE,B,HDFCBANK,216,3412.86
CL0143,Kabir Iyer,CL0143@example.com,1733267747,10:39:39,BSE,S,WIPRO,433,2935.81
CL0143,Kabir Iyer,CL0143@example.com,1774633880,09:16:10,NSE,S,SBIN,38,1217.70
CL0143,Kabir Iyer,CL0143@example.com,1510065553,10:46:25,BSE,B,ITC,59,798.63
CL0143,Kabir Iyer,CL0143@example.com,1905224677,12:18:35,BSE,S,WIPRO,374,2940.40
CL0143,Kabir Iyer,CL0143@example.com,1799652621,14:50:56,BSE,S,WIPRO,176,2697.90
CL0144,Aarav Nair,CL0144@example.com,1210508571,12:00:03,NSE,S,ITC,280,283.62
CL0144,Aarav Nair,CL0144@example.com,1365829130,10:37:53,NSE,S,ICICIBANK,238,1863.31
CL0144,Aarav Nair,CL0144@example.com,1199109018,09:49:42,NSE,S,INFY,294,427.86
CL0144,Aarav Nair,CL0144@example.com,1859955447,09:17:45,NSE,B,INFY,153,1210.85
CL0145,Arjun Khan,CL0145@example.com,1889069895,11:17:42,BSE,S,RELIANCE,66,3928.29
CL0145,Arjun Khan,CL0145@example.com,1772368404,09:32:28,NSE,B,BHARTIARTL,169,419.97
CL0145,Arjun Khan,CL0145@example.com,1452524454,09:52:45,BSE,S,BHARTIARTL,413,105.54
CL0146,Sara Das,CL0146@example.com,1868628441,13:56:24,NSE,S,TCS,321,2424.45
CL0146,Sara Das,CL0146@example.com,1601598366,13:24:29,BSE,B,TATAMOTORS,409,1100.15
CL0146,Sara Das,CL0146@example.com,1327851656,12:57:17,BSE,S,SBIN,291,2398.14
CL0146,Sara Das,CL0146@example.com,1598372435,12:34:11,NSE,B,ICICIBANK,254,3847.65
CL0146,Sara Das,CL0146@example.com,1819311621,14:08:10,NSE,S,TATAMOTORS,69,1938.19
CL0146,Sara Das,CL0146@example.com,1642042631,13:12:30,NSE,S,INFY,24,3002.42
CL0146,Sara Das,CL0146@example.com,1332210158,13:04:32,BSE,S,SBIN,177,1642.09
CL0146,Sara Das,CL0146@example.com,1496397758,11:07:51,BSE,B,TCS,362,841.83
CL0146,Sara Das,CL0146@example.com,1651268372,11:18:45,NSE,B,TCS,62,209.30
CL0146,Sara Das,CL0146@example.com,1626748805,10:08:58,BSE,B,RELIANCE,416,2534.29
CL0146,Sara Das,CL0146@example.com,1555993593,09:28:49,NSE,B,BHARTIARTL,486,107.12
CL0147,Vihaan Sharma,CL0147@example.com,1498830873,12:16:21,NSE,B,WIPRO,346,2417.85
CL0147,Vihaan Sharma,CL0147@example.com,1407654057,09:33:47,NSE,S,TCS,363,3582.39
CL0147,Vihaan Sharma,CL0147@example.com,1204983354,14:37:43,BSE,S,RELIANCE,369,2072.39
CL0147,Vihaan Sharma,CL0147@example.com,1261424911,14:20:35,NSE,S,TATAMOTORS,276,163.71
CL0147,Vihaan Sharma,CL0147@example.com,1168452149,12:28:29,BSE,B,RELIANCE,419,3200.84
CL0147,Vihaan Sharma,CL0147@example.com,1365955653,11:46:30,BSE,S,WIPRO,302,752.66
CL0147,Vihaan Sharma,CL0147@example.com,1812241997,10:50:34,BSE,B,ITC,489,3042.73
CL0147,Vihaan Sharma,CL0147@example.com,1381824912,11:19:00,BSE,S,WIPRO,492,3995.15
CL0148,Diya Sharma,CL0148@example.com,1602790241,09:02:44,NSE,B,ITC,492,2471.73
CL0148,Diya Sharma,CL0148@example.com,1315620181,14:27:47,NSE,B,INFY,291,2515.65
CL0148,Diya Sharma,CL0148@example.com,1772092818,14:12:41,NSE,B,ITC,443,1823.30
CL0148,Diya Sharma,CL0148@example.com,1624630573,11:03:50,BSE,S,TCS,28,995.93
CL0148,Diya Sharma,CL0148@example.com,1799372579,09:36:49,NSE,S,ITC,224,2938.99
CL0148,Diya Sharma,CL0148@example.com,1214023471,12:26:07,BSE,B,TATAMOTORS,429,2787.52
CL0149,Diya Das,CL0149@example.com,1152245827,10:48:00,NSE,S,BHARTIARTL,68,588.26
CL0149,Diya Das,CL0149@example.com,1348030328,13:01:46,NSE,S,TCS,76,2549.20
CL0149,Diya Das,CL0149@example.com,1165508729,11:14:24,BSE,B,HDFCBANK,382,2458.12
CL0149,Diya Das,CL0149@example.com,1610873630,12:04:19,NSE,B,WIPRO,69,3953.25
CL0149,Diya Das,CL0149@example.com,1290535407,10:49:30,BSE,B,TATAMOTORS,480,440.79
CL0149,Diya Das,CL0149@example.com,1396115488,09:57:24,NSE,S,TCS,398,129.56
CL0150,Meera Khan,CL0150@example.com,1364444721,11:44:18,NSE,B,BHARTIARTL,478,2984.38
CL0150,Meera Khan,CL0150@example.com,1901793547,09:10:28,BSE,S,HDFCBANK,408,1427.95
CL0150,Meera Khan,CL0150@example.com,1586181665,11:58:55,BSE,S,SBIN,118,3694.13
CL0151,Rohan Das,CL0151@example.com,1526184372,12:31:08,BSE,B,WIPRO,212,1045.89
CL0151,Rohan Das,CL0151@example.com,1769051415,12:15:04,BSE,B,BHARTIARTL,65,654.30
CL0151,Rohan Das,CL0151@example.com,1396583260,10:53:48,NSE,B,SBIN,413,3698.10
CL0151,Rohan Das,CL0151@example.com,1542994788,10:09:02,NSE,B,WIPRO,426,2257.44
CL0151,Rohan Das,CL0151@example.com,1867167660,10:28:12,NSE,S,INFY,497,1027.88
CL0151,Rohan Das,CL0151@example.com,1185602526,09:00:09,BSE,B,TATAMOTORS,334,3249.50
CL0151,Rohan Das,CL0151@example.com,1791593592,09:23:53,NSE,S,TCS,164,3396.77
CL0152,Rohan Mehta,CL0152@example.com,1655567323,13:49:36,BSE,S,HDFCBANK,216,905.18
CL0152,Rohan Mehta,CL0152@example.com,1753065897,09:11:42,NSE,S,TCS,175,854.76
CL0152,Rohan Mehta,CL0152@example.com,1894485757,09:31:35,NSE,S,WIPRO,414,3981.48
CL0153,Ananya Singh,CL0153@example.com,1970085169,14:47:17,BSE,B,WIPRO,70,1406.25
CL0153,Ananya Singh,CL0153@example.com,1311795982,13:47:29,NSE,S,WIPRO,43,160.37
CL0153,Ananya Singh,CL0153@example.com,1332974318,10:35:36,BSE,B,TATAMOTORS,187,400.50
CL0153,Ananya Singh,CL0153@example.com,1837159551,14:15:46,BSE,S,TCS,5,2811.05
CL0153,Ananya Singh,CL0153@example.com,1370707984,10:05:27,BSE,S,INFY,300,1020.24
CL0153,Ananya Singh,CL0153@example.com,1251459039,10:16:44,NSE,B,TATAMOTORS,78,2442.87
CL0154,Ishaan Singh,CL0154@example.com,1684133158,13:07:20,NSE,S,INFY,376,2576.90
CL0154,Ishaan Singh,CL0154@example.com,1795397597,09:40:24,BSE,S,TATAMOTORS,259,3809.99
CL0154,Ishaan Singh,CL0154@example.com,1502275216,14:57:52,NSE,S,WIPRO,500,455.99
CL0154,Ishaan Singh,CL0154@example.com,1905964679,11:41:14,NSE,S,SBIN,251,208.75
CL0154,Ishaan Singh,CL0154@example.com,1309925715,11:37:10,NSE,S,TCS,27,1670.04
CL0154,Ishaan Singh,CL0154@example.com,1631934076,09:21:25,BSE,B,ITC,89,1607.56
CL0154,Ishaan Singh,CL0154@example.com,1431721665,10:25:53,NSE,S,WIPRO,37,1976.39
CL0154,Ishaan Singh,CL0154@example.com,1204612403,12:45:49,NSE,B,RELIANCE,484,296.33
CL0154,Ishaan Singh,CL0154@example.com,1567567880,09:15:26,NSE,S,RELIANCE,336,2134.90
CL0155,Ananya Nair,CL0155@example.com,1829533602,11:09:49,BSE,B,HDFCBANK,458,2284.27
CL0155,Ananya Nair,CL0155@example.com,1330340771,10:31:54,BSE,B,INFY,133,907.66
CL0155,Ananya Nair,CL0155@example.com,1103638477,10:34:31,NSE,B,ITC,265,2579.69
CL0155,Ananya Nair,CL0155@example.com,1208832856,14:54:46,NSE,B,TATAMOTORS,266,2974.81
CL0155,Ananya Nair,CL0155@example.com,1437418117,09:12:15,NSE,B,BHARTIARTL,90,2053.26
CL0155,Ananya Nair,CL0155@example.com,1268577756,11:48:43,NSE,S,WIPRO,18,2214.87
CL0156,Rohan Iyer,CL0156@example.com,1955246201,12:20:02,NSE,S,ITC,7,1360.69
CL0156,Rohan Iyer,CL0156@example.com,1398108658,13:06:09,NSE,B,WIPRO,393,1882.30
CL0156,Rohan Iyer,CL0156@example.com,1416027206,14:20:30,BSE,S,WIPRO,10,3353.38
CL0156,Rohan Iyer,CL0156@example.com,1918153067,10:24:19,NSE,B,TATAMOTORS,116,3652.61
CL0157,Rohan Das,CL0157@example.com,1982171166,13:08:49,NSE,B,RELIANCE,298,3121.12
CL0157,Rohan Das,CL0157@example.com,1804604686,14:31:18,NSE,B,ICICIBANK,11,3540.35
CL0157,Rohan Das,CL0157@example.com,1473220894,12:59:05,BSE,S,SBIN,171,224.09
CL0157,Rohan Das,CL0157@example.com,1204324795,11:05:58,NSE,B,TATAMOTORS,397,3981.14
CL0157,Rohan Das,CL0157@example.com,1763956210,11:09:49,NSE,B,ICICIBANK,289,1674.67
CL0157,Rohan Das,CL0157@example.com,1854702392,09:53:26,NSE,B,WIPRO,441,2403.33
CL0157,Rohan Das,CL0157@example.com,1199975537,12:37:20,NSE,B,RELIANCE,5,2978.02
CL0157,Rohan Das,CL0157@example.com,1572731399,11:09:12,BSE,B,TCS,358,3279.40
CL0158,Sara Khan,CL0158@example.com,1991524021,12:51:10,BSE,B,RELIANCE,73,1945.21
CL0158,Sara Khan,CL0158@example.com,1479809926,13:41:12,NSE,B,TCS,177,2498.65
CL0158,Sara Khan,CL0158@example.com,1213989434,12:28:47,BSE,S,WIPRO,428,2495.60
CL0159,Diya Mehta,CL0159@example.com,1770308551,11:15:08,BSE,S,RELIANCE,320,2503.19
CL0159,Diya Mehta,CL0159@example.com,1304124216,11:46:22,BSE,S,INFY,477,2265.09
CL0159,Diya Mehta,CL0159@example.com,1437090000,11:48:47,BSE,B,SBIN,308,283.84
CL0159,Diya Mehta,CL0159@example.com,1180748700,11:22:57,NSE,B,ICICIBANK,163,3234.45
CL0159,Diya Mehta,CL0159@example.com,1859208695,14:12:39,BSE,B,BHARTIARTL,462,3388.69
CL0159,Diya Mehta,CL0159@example.com,1410618211,12:35:08,BSE,S,TCS,341,955.78
CL0159,Diya Mehta,CL0159@example.com,1625930948,10:19:01,NSE,S,BHARTIARTL,59,3713.93
CL0159,Diya Mehta,CL0159@example.com,1206289614,10:10:14,BSE,B,ITC,428,1961.68
CL0159,Diya Mehta,CL0159@example.com,1855056761,10:27:13,BSE,S,WIPRO,481,154.90
CL0159,Diya Mehta,CL0159@example.com,1883288909,13:36:35,BSE,S,SBIN,49,3311.99
CL0160,Ishaan Mehta,CL0160@example.com,1511590347,13:15:17,BSE,B,ICICIBANK,340,2981.79
CL0160,Ishaan Mehta,CL0160@example.com,1694544858,14:06:49,BSE,S,ITC,181,2284.91
CL0160,Ishaan Mehta,CL0160@example.com,1803535669,14:11:42,NSE,B,RELIANCE,322,313.04
CL0160,Ishaan Mehta,CL0160@example.com,1389770217,12:09:45,NSE,B,INFY,95,3357.94
CL0160,Ishaan Mehta,CL0160@example.com,1716844373,11:33:21,NSE,S,TATAMOTORS,376,3187.25
CL0160,Ishaan Mehta,CL0160@example.com,1668921150,14:30:58,BSE,B,INFY,249,2283.86
CL0160,Ishaan Mehta,CL0160@example.com,1506426647,14:26:49,BSE,S,TCS,287,796.40
CL0160,Ishaan Mehta,CL0160@example.com,1283779757,13:39:32,BSE,S,HDFCBANK,133,1958.09
CL0160,Ishaan Mehta,CL0160@example.com,1297348810,09:02:28,NSE,S,ICICIBANK,72,1946.29
CL0160,Ishaan Mehta,CL0160@example.com,1218498459,14:47:12,NSE,S,TCS,38,1520.12
CL0160,Ishaan Mehta,CL0160@example.com,1738445756,09:59:46,NSE,S,RELIANCE,1,1641.83
CL0161,Vihaan Das,CL0161@example.com,1442900271,10:41:30,BSE,B,RELIANCE,86,3056.30
CL0161,Vihaan Das,CL0161@example.com,1546895766,09:01:38,BSE,B,TCS,46,2508.38
CL0161,Vihaan Das,CL0161@example.com,1537266967,14:19:04,NSE,S,HDFCBANK,287,488.72
CL0161,Vihaan Das,CL0161@example.com,1764137861,11:09:10,NSE,B,HDFCBANK,219,2563.71
CL0161,Vihaan Das,CL0161@example.com,1173648761,10:43:15,BSE,S,RELIANCE,104,1866.81
CL0161,Vihaan Das,CL0161@example.com,1909353065,13:51:44,NSE,S,SBIN,32,2615.68
CL0162,Sara Singh,CL0162@example.com,1116332192,10:03:05,BSE,S,INFY,55,1555.21
CL0162,Sara Singh,CL0162@example.com,1649087541,10:04:31,BSE,S,ICICIBANK,60,1091.35
CL0162,Sara Singh,CL0162@example.com,1357945238,14:02:15,NSE,B,ITC,389,1400.67
CL0163,Vihaan Patel,CL0163@example.com,1411380339,10:49:52,BSE,S,TATAMOTORS,312,3228.00
CL0163,Vihaan Patel,CL0163@example.com,1390216220,09:09:11,NSE,S,WIPRO,482,2041.13
CL0163,Vihaan Patel,CL0163@example.com,1257372392,09:09:49,BSE,S,INFY,379,1679.49
CL0163,Vihaan Patel,CL0163@example.com,1800386408,11:40:07,BSE,S,RELIANCE,318,2131.25
CL0163,Vihaan Patel,CL0163@example.com,1306945436,09:58:28,BSE,B,TATAMOTORS,127,131.50
CL0164,Meera Gupta,CL0164@example.com,1146790006,13:02:45,NSE,B,ICICIBANK,376,1315.88
CL0164,Meera Gupta,CL0164@example.com,1668194425,09:26:15,NSE,S,RELIANCE,441,3647.26
CL0164,Meera Gupta,CL0164@example.com,1147889327,12:10:36,BSE,B,HDFCBANK,445,1397.02
CL0164,Meera Gupta,CL0164@example.com,1287167380,12:27:40,BSE,S,ICICIBANK,303,3573.43
CL0164,Meera Gupta,CL0164@example.com,1845005788,11:32:53,BSE,B,BHARTIARTL,460,3020.54
CL0164,Meera Gupta,CL0164@example.com,1502449679,13:07:43,NSE,B,TCS,92,476.56
CL0164,Meera Gupta,CL0164@example.com,1360102933,14:17:42,BSE,B,TATAMOTORS,385,329.47
CL0164,Meera Gupta,CL0164@example.com,1801624788,09:25:57,BSE,B,RELIANCE,170,2482.87
CL0164,Meera Gupta,CL0164@example.com,1632593462,11:41:26,BSE,S,HDFCBANK,358,1970.63
CL0165,Sara Reddy,CL0165@example.com,1551567398,12:57:13,NSE,B,SBIN,130,3066.12
CL0165,Sara Reddy,CL0165@example.com,1928434957,13:10:13,BSE,B,ITC,222,3828.02
CL0165,Sara Reddy,CL0165@example.com,1449905360,09:35:12,NSE,B,TCS,383,1598.36
CL0166,Rohan Nair,CL0166@example.com,1899937607,14:21:48,BSE,S,BHARTIARTL,142,226.00
CL0166,Rohan Nair,CL0166@example.com,1485192555,10:29:08,NSE,B,SBIN,175,690.25
CL0166,Rohan Nair,CL0166@example.com,1882670063,10:27:42,NSE,S,WIPRO,88,189.55
CL0166,Rohan Nair,CL0166@example.com,1864807910,10:45:41,NSE,S,BHARTIARTL,54,1482.80
CL0166,Rohan Nair,CL0166@example.com,1990951672,13:48:42,BSE,S,RELIANCE,158,2217.89
CL0166,Rohan Nair,CL0166@example.com,1660274299,14:26:56,BSE,B,BHARTIARTL,193,148.51
CL0166,Rohan Nair,CL0166@example.com,1990720683,10:20:18,BSE,B,HDFCBANK,486,2417.48
CL0166,Rohan Nair,CL0166@example.com,1773167078,09:41:27,BSE,B,WIPRO,475,2635.92
CL0167,Aarav Sharma,CL0167@example.com,1966470385,12:49:48,NSE,S,TCS,16,734.57
CL0167,Aarav Sharma,CL0167@example.com,1534552078,12:09:34,BSE,S,ITC,148,2194.95
CL0167,Aarav Sharma,CL0167@example.com,1783413347,14:19:41,BSE,S,ITC,124,211.31
CL0168,Ishaan Sharma,CL0168@example.com,1267336421,12:24:27,NSE,S,ICICIBANK,351,1456.91
CL0168,Ishaan Sharma,CL0168@example.com,1576956799,09:33:32,BSE,B,SBIN,304,2678.46
CL0168,Ishaan Sharma,CL0168@example.com,1410457433,12:38:39,BSE,S,BHARTIARTL,412,3203.92
CL0168,Ishaan Sharma,CL0168@example.com,1465848807,12:02:08,BSE,B,HDFCBANK,264,996.93
CL0168,Ishaan Sharma,CL0168@example.com,1382125432,10:09:34,NSE,B,TCS,197,2257.24
CL0168,Ishaan Sharma,CL0168@example.com,1546771145,11:51:24,NSE,S,WIPRO,398,1795.81
CL0169,Vihaan Nair,CL0169@example.com,1902174730,09:35:50,BSE,S,ITC,298,2418.87
CL0169,Vihaan Nair,CL0169@example.com,1172503072,09:42:22,NSE,S,ITC,413,3832.00
CL0169,Vihaan Nair,CL0169@example.com,1805974522,12:37:26,NSE,S,WIPRO,261,630.35
CL0169,Vihaan Nair,CL0169@example.com,1898563873,14:53:52,NSE,B,ICICIBANK,314,3865.11
CL0169,Vihaan Nair,CL0169@example.com,1947730006,09:48:47,NSE,S,ITC,361,1048.97
CL0169,Vihaan Nair,CL0169@example.com,1699908265,09:29:33,NSE,B,RELIANCE,148,1400.29
CL0169,Vihaan Nair,CL0169@example.com,1187731715,11:04:28,BSE,B,ITC,312,141.93
CL0170,Aarav Nair,CL0170@example.com,1219512783,11:04:35,NSE,B,TATAMOTORS,165,2983.60
CL0170,Aarav Nair,CL0170@example.com,1598347721,10:39:21,NSE,S,INFY,243,888.16
CL0170,Aarav Nair,CL0170@example.com,1938190491,09:51:52,BSE,S,WIPRO,227,2030.49
CL0170,Aarav Nair,CL0170@example.com,1635712624,14:11:19,BSE,B,RELIANCE,225,2256.64
CL0171,Rohan Das,CL0171@example.com,1491519796,12:51:29,NSE,B,BHARTIARTL,117,3767.00
CL0171,Rohan Das,CL0171@example.com,1683408998,13:34:33,BSE,S,RELIANCE,60,2985.62
CL0171,Rohan Das,CL0171@example.com,1260266889,10:34:37,BSE,B,ICICIBANK,30,788.71
CL0171,Rohan Das,CL0171@example.com,1361052063,10:33:41,NSE,B,TCS,263,962.24
CL0171,Rohan Das,CL0171@example.com,1925749303,14:46:52,BSE,S,SBIN,52,3074.88
CL0171,Rohan Das,CL0171@example.com,1467651270,14:01:52,BSE,S,BHARTIARTL,272,1564.79
CL0171,Rohan Das,CL0171@example.com,1308197286,09:39:15,BSE,B,BHARTIARTL,99,2174.76
CL0172,Aarav Singh,CL0172@example.com,1213568812,12:04:25,NSE,S,ITC,160,677.50
CL0172,Aarav Singh,CL0172@example.com,1646518438,09:56:39,NSE,B,HDFCBANK,418,1679.73
CL0172,Aarav Singh,CL0172@example.com,1652918068,10:20:37,NSE,S,RELIANCE,403,2311.55
CL0172,Aarav Singh,CL0172@example.com,1831276956,13:14:15,NSE,B,TCS,131,2185.63
CL0172,Aarav Singh,CL0172@example.com,1401372347,10:26:31,BSE,B,BHARTIARTL,49,2616.70
CL0172,Aarav Singh,CL0172@example.com,1865398632,13:07:35,BSE,B,SBIN,11,2778.13
CL0173,Arjun Mehta,CL0173@example.com,1958029328,11:18:29,NSE,B,ICICIBANK,497,3061.70
CL0173,Arjun Mehta,CL0173@example.com,1372710074,09:42:53,NSE,S,ICICIBANK,436,2538.62
CL0173,Arjun Mehta,CL0173@example.com,1193604753,11:34:02,NSE,S,ITC,1,2809.56
CL0173,Arjun Mehta,CL0173@example.com,1382098586,10:31:27,NSE,B,RELIANCE,429,531.23
CL0174,Arjun Gupta,CL0174@example.com,1298217031,12:28:56,NSE,S,TCS,159,2498.98
CL0174,Arjun Gupta,CL0174@example.com,1449464313,10:19:37,NSE,S,ITC,109,3385.45
CL0174,Arjun Gupta,CL0174@example.com,1763297711,12:35:58,BSE,B,TATAMOTORS,211,2305.00
CL0174,Arjun Gupta,CL0174@example.com,1587977150,10:51:52,NSE,B,TCS,261,2576.54
CL0174,Arjun Gupta,CL0174@example.com,1389305374,09:17:31,BSE,B,TATAMOTORS,33,2758.21
CL0174,Arjun Gupta,CL0174@example.com,1420955772,12:15:50,NSE,B,TCS,96,3263.75
CL0174,Arjun Gupta,CL0174@example.com,1551960047,10:40:48,BSE,B,SBIN,324,3060.97
CL0175,Vihaan Khan,CL0175@example.com,1430471751,13:49:01,BSE,S,RELIANCE,401,2445.29
CL0175,Vihaan Khan,CL0175@example.com,1251286047,14:33:20,BSE,S,ICICIBANK,366,1306.89
CL0175,Vihaan Khan,CL0175@example.com,1602450993,14:22:28,NSE,S,INFY,302,3308.67
CL0176,Arjun Iyer,CL0176@example.com,1438962177,12:39:19,NSE,B,TCS,327,2675.86
CL0176,Arjun Iyer,CL0176@example.com,1766187182,10:53:29,BSE,B,HDFCBANK,217,3424.88
CL0176,Arjun Iyer,CL0176@example.com,1536607806,14:41:03,NSE,B,TCS,445,2680.28
CL0177,Arjun Patel,CL0177@example.com,1209997725,09:55:14,NSE,S,ITC,352,3044.33
CL0177,Arjun Patel,CL0177@example.com,1732350359,09:00:16,BSE,S,WIPRO,499,238.29
CL0177,Arjun Patel,CL0177@example.com,1495072003,10:14:18,BSE,S,HDFCBANK,95,1615.23
CL0177,Arjun Patel,CL0177@example.com,1216713793,09:43:23,BSE,S,SBIN,233,1580.03
CL0178,Ananya Nair,CL0178@example.com,1575050420,12:43:30,BSE,B,INFY,327,1140.77
CL0178,Ananya Nair,CL0178@example.com,1495029994,14:09:42,BSE,S,HDFCBANK,499,3966.63
CL0178,Ananya Nair,CL0178@example.com,1738991590,12:23:16,BSE,S,INFY,180,3427.59
CL0178,Ananya Nair,CL0178@example.com,1172686643,13:48:17,NSE,S,HDFCBANK,246,3227.77
CL0178,Ananya Nair,CL0178@example.com,1430514107,12:04:27,NSE,B,WIPRO,323,2196.82
CL0178,Ananya Nair,CL0178@example.com,1758980968,09:09:26,NSE,B,TATAMOTORS,425,1066.05
CL0179,Aarav Iyer,CL0179@example.com,1654422955,12:49:01,BSE,S,TCS,496,3190.46
CL0179,Aarav Iyer,CL0179@example.com,1152788742,09:02:53,BSE,S,INFY,390,3207.34
CL0179,Aarav Iyer,CL0179@example.com,1784883825,11:59:10,NSE,S,ITC,60,2176.52
CL0179,Aarav Iyer,CL0179@example.com,1115942774,13:00:46,NSE,B,SBIN,169,2089.04
CL0179,Aarav Iyer,CL0179@example.com,1995723657,12:39:54,NSE,S,TCS,39,2601.24
CL0180,Ishaan Khan,CL0180@example.com,1961813705,09:15:33,NSE,B,HDFCBANK,249,1543.62
CL0180,Ishaan Khan,CL0180@example.com,1260208247,11:39:50,BSE,B,SBIN,324,376.82
CL0180,Ishaan Khan,CL0180@example.com,1827281748,10:04:10,NSE,S,WIPRO,449,2989.43
CL0180,Ishaan Khan,CL0180@example.com,1142761132,10:24:33,NSE,B,SBIN,354,228.68
CL0181,Arjun Patel,CL0181@example.com,1244610525,09:39:36,NSE,B,RELIANCE,271,481.59
CL0181,Arjun Patel,CL0181@example.com,1982252846,13:47:25,NSE,B,HDFCBANK,102,711.32
CL0181,Arjun Patel,CL0181@example.com,1775361911,09:53:43,NSE,S,HDFCBANK,226,2260.14
CL0181,Arjun Patel,CL0181@example.com,1236896235,11:03:44,NSE,S,ITC,280,2364.54
CL0181,Arjun Patel,CL0181@example.com,1917051255,10:32:50,NSE,B,WIPRO,312,313.05
CL0181,Arjun Patel,CL0181@example.com,1474798297,09:25:47,NSE,S,TCS,172,710.77
CL0181,Arjun Patel,CL0181@example.com,1678212285,09:56:35,BSE,B,TCS,325,2883.79
CL0182,Arjun Sharma,CL0182@example.com,1157362869,13:32:13,BSE,B,BHARTIARTL,88,666.10
CL0182,Arjun Sharma,CL0182@example.com,1908105620,11:54:52,NSE,B,ICICIBANK,100,2762.93
CL0182,Arjun Sharma,CL0182@example.com,1716406355,11:13:22,NSE,B,RELIANCE,343,3244.01
CL0182,Arjun Sharma,CL0182@example.com,1687357454,10:47:23,BSE,B,SBIN,246,2506.52
CL0182,Arjun Sharma,CL0182@example.com,1594324926,09:38:36,NSE,S,SBIN,151,3417.69
CL0182,Arjun Sharma,CL0182@example.com,1586170387,13:29:10,NSE,S,SBIN,23,3843.33
CL0182,Arjun Sharma,CL0182@example.com,1831854847,10:30:06,BSE,S,BHARTIARTL,144,3369.57
CL0183,Arjun Patel,CL0183@example.com,1423133754,09:00:59,NSE,S,INFY,399,2158.13
CL0183,Arjun Patel,CL0183@example.com,1672582727,14:38:36,BSE,B,TATAMOTORS,81,2132.65
CL0183,Arjun Patel,CL0183@example.com,1601801082,12:58:44,NSE,B,HDFCBANK,500,2648.64
CL0183,Arjun Patel,CL0183@example.com,1553888253,12:32:46,BSE,S,INFY,32,3194.05
CL0184,Vihaan Mehta,CL0184@example.com,1584830383,12:47:42,NSE,S,ICICIBANK,437,2391.76
CL0184,Vihaan Mehta,CL0184@example.com,1233494534,09:04:19,NSE,B,WIPRO,332,3934.94
CL0184,Vihaan Mehta,CL0184@example.com,1106087165,11:19:18,BSE,S,TATAMOTORS,149,1537.17
CL0184,Vihaan Mehta,CL0184@example.com,1803156997,11:39:43,NSE,B,TCS,105,3029.96
CL0184,Vihaan Mehta,CL0184@example.com,1120300262,12:18:02,BSE,S,ITC,101,2959.99
CL0184,Vihaan Mehta,CL0184@example.com,1399143947,09:28:02,NSE,B,SBIN,32,2993.89
CL0184,Vihaan Mehta,CL0184@example.com,1695969233,14:01:16,NSE,S,INFY,234,2086.98
CL0185,Arjun Nair,CL0185@example.com,1794121966,12:34:14,NSE,B,INFY,305,1320.35
CL0185,Arjun Nair,CL0185@example.com,1313819940,11:34:38,BSE,S,HDFCBANK,76,143.41
CL0185,Arjun Nair,CL0185@example.com,1329635095,14:05:24,NSE,B,ITC,397,1943.70
CL0185,Arjun Nair,CL0185@example.com,1280794367,10:23:38,NSE,S,BHARTIARTL,169,2203.90
CL0185,Arjun Nair,CL0185@example.com,1195015319,13:18:28,BSE,S,BHARTIARTL,220,3995.07
CL0185,Arjun Nair,CL0185@example.com,1183851774,14:59:35,NSE,S,ICICIBANK,18,3095.89
CL0185,Arjun Nair,CL0185@example.com,1804563945,10:41:31,NSE,S,BHARTIARTL,7,2127.96
CL0185,Arjun Nair,CL0185@example.com,1606662602,09:11:21,BSE,S,WIPRO,305,1408.59
CL0186,Rohan Mehta,CL0186@example.com,1467490514,14:52:21,BSE,B,TATAMOTORS,170,3621.67
CL0186,Rohan Mehta,CL0186@example.com,1860163784,12:43:15,BSE,S,HDFCBANK,177,3152.77
CL0186,Rohan Mehta,CL0186@example.com,1349913178,13:47:55,BSE,B,BHARTIARTL,112,2629.56
CL0186,Rohan Mehta,CL0186@example.com,1961728542,10:46:42,BSE,B,RELIANCE,416,1671.13
CL0186,Rohan Mehta,CL0186@example.com,1128776984,10:13:12,BSE,B,WIPRO,359,2764.68
CL0186,Rohan Mehta,CL0186@example.com,1112668226,12:55:45,NSE,S,BHARTIARTL,46,2693.43
CL0186,Rohan Mehta,CL0186@example.com,1969569269,13:26:14,NSE,B,ICICIBANK,95,3254.40
CL0186,Rohan Mehta,CL0186@example.com,1750609690,11:46:25,NSE,S,SBIN,403,487.62
CL0187,Diya Mehta,CL0187@example.com,1625734836,12:02:25,BSE,B,RELIANCE,42,1458.64
CL0187,Diya Mehta,CL0187@example.com,1921265663,10:21:26,NSE,B,ICICIBANK,313,3284.46
CL0187,Diya Mehta,CL0187@example.com,1856024367,09:46:12,NSE,S,ICICIBANK,307,2338.54
CL0187,Diya Mehta,CL0187@example.com,1166881517,11:06:34,NSE,B,ICICIBANK,361,2157.76
CL0187,Diya Mehta,CL0187@example.com,1775016504,11:06:23,NSE,B,INFY,126,2196.26
CL0187,Diya Mehta,CL0187@example.com,1524570328,14:26:30,BSE,S,WIPRO,89,3736.06
CL0187,Diya Mehta,CL0187@example.com,1722687172,11:49:48,NSE,S,WIPRO,57,3308.93
CL0187,Diya Mehta,CL0187@example.com,1706180883,14:51:35,BSE,S,WIPRO,415,2619.47
CL0188,Ishaan Iyer,CL0188@example.com,1391707983,10:59:20,BSE,B,SBIN,15,3838.93
CL0188,Ishaan Iyer,CL0188@example.com,1964165129,12:49:11,BSE,S,HDFCBANK,249,716.15
CL0188,Ishaan Iyer,CL0188@example.com,1215434117,14:33:39,BSE,S,SBIN,231,1676.32
CL0188,Ishaan Iyer,CL0188@example.com,1910898929,11:48:28,BSE,B,INFY,366,1645.94
CL0188,Ishaan Iyer,CL0188@example.com,1404995324,10:03:00,BSE,S,TCS,215,3485.98
CL0188,Ishaan Iyer,CL0188@example.com,1721226993,11:12:11,BSE,B,ICICIBANK,494,2321.90
CL0188,Ishaan Iyer,CL0188@example.com,1955098729,11:04:03,BSE,B,TCS,278,823.18
CL0188,Ishaan Iyer,CL0188@example.com,1321539056,13:26:54,NSE,B,ITC,343,513.34
CL0189,Ishaan Gupta,CL0189@example.com,1536925803,14:40:56,BSE,B,BHARTIARTL,449,864.31
CL0189,Ishaan Gupta,CL0189@example.com,1890652256,10:55:10,NSE,S,INFY,154,2341.19
CL0189,Ishaan Gupta,CL0189@example.com,1475435493,14:15:23,BSE,B,INFY,385,1665.42
CL0189,Ishaan Gupta,CL0189@example.com,1354679087,10:19:31,NSE,S,SBIN,348,2492.92
CL0189,Ishaan Gupta,CL0189@example.com,1871539550,14:46:19,NSE,B,INFY,323,2247.57
CL0189,Ishaan Gupta,CL0189@example.com,1988120611,13:45:10,BSE,S,SBIN,480,2836.81
CL0189,Ishaan Gupta,CL0189@example.com,1187541921,09:42:30,BSE,S,BHARTIARTL,345,307.22
CL0190,Diya Khan,CL0190@example.com,1501222438,11:19:29,NSE,B,SBIN,36,3426.22
CL0190,Diya Khan,CL0190@example.com,1231102960,11:01:31,NSE,S,ICICIBANK,464,3137.78
CL0190,Diya Khan,CL0190@example.com,1773026572,10:31:45,BSE,B,ITC,159,877.14
CL0190,Diya Khan,CL0190@example.com,1621193018,14:58:07,BSE,S,TCS,180,1858.16
CL0190,Diya Khan,CL0190@example.com,1115342651,12:05:26,NSE,B,RELIANCE,306,2355.92
CL0190,Diya Khan,CL0190@example.com,1653231035,14:26:03,NSE,S,ITC,397,1547.68
CL0190,Diya Khan,CL0190@example.com,1990240719,11:22:39,BSE,B,ITC,236,2467.04
CL0191,Rohan Patel,CL0191@example.com,1112171725,11:27:32,BSE,B,TCS,196,662.04
CL0191,Rohan Patel,CL0191@example.com,1196991416,13:03:04,BSE,B,RELIANCE,135,955.50
CL0191,Rohan Patel,CL0191@example.com,1318211693,12:59:19,NSE,S,TCS,430,1549.50
CL0191,Rohan Patel,CL0191@example.com,1443706536,09:28:07,BSE,B,TCS,237,1923.94
CL0191,Rohan Patel,CL0191@example.com,1464002792,13:42:08,BSE,S,WIPRO,85,2474.26
CL0191,Rohan Patel,CL0191@example.com,1511925858,12:27:19,BSE,B,TATAMOTORS,422,784.54
CL0191,Rohan Patel,CL0191@example.com,1222951528,10:44:49,BSE,S,WIPRO,487,2568.75
CL0191,Rohan Patel,CL0191@example.com,1239671411,14:31:48,BSE,S,ITC,177,2463.58
CL0191,Rohan Patel,CL0191@example.com,1309240880,09:12:56,BSE,B,TATAMOTORS,446,3261.25
CL0191,Rohan Patel,CL0191@example.com,1739258818,10:39:11,NSE,B,BHARTIARTL,114,1694.05
CL0192,Meera Reddy,CL0192@example.com,1898223877,10:56:13,NSE,S,HDFCBANK,249,1474.08
CL0192,Meera Reddy,CL0192@example.com,1724326945,13:10:06,BSE,B,SBIN,460,656.66
CL0192,Meera Reddy,CL0192@example.com,1728698221,14:43:19,BSE,S,BHARTIARTL,476,2877.59
CL0192,Meera Reddy,CL0192@example.com,1972962098,13:57:39,NSE,S,INFY,123,2440.88
CL0192,Meera Reddy,CL0192@example.com,1985481099,11:52:02,BSE,S,ICICIBANK,400,3095.10
CL0192,Meera Reddy,CL0192@example.com,1229688571,13:38:13,NSE,S,ICICIBANK,384,3195.30
CL0192,Meera Reddy,CL0192@example.com,1953572871,11:05:36,BSE,B,HDFCBANK,125,2174.67
CL0192,Meera Reddy,CL0192@example.com,1512059751,10:04:33,BSE,S,ICICIBANK,103,1686.51
CL0193,Diya Nair,CL0193@example.com,1124165489,12:29:20,NSE,B,TATAMOTORS,402,305.91
CL0193,Diya Nair,CL0193@example.com,1796011288,13:51:44,NSE,B,BHARTIARTL,10,1439.62
CL0193,Diya Nair,CL0193@example.com,1479512396,11:40:54,NSE,S,HDFCBANK,320,3314.43
CL0193,Diya Nair,CL0193@example.com,1403196628,10:51:06,BSE,B,WIPRO,314,117.78
CL0193,Diya Nair,CL0193@example.com,1320475344,13:52:29,NSE,B,SBIN,174,2024.84
CL0193,Diya Nair,CL0193@example.com,1642182926,13:35:41,BSE,S,BHARTIARTL,409,279.51
CL0193,Diya Nair,CL0193@example.com,1559946244,10:40:37,NSE,B,ICICIBANK,288,3888.03
CL0193,Diya Nair,CL0193@example.com,1910007525,14:20:08,BSE,B,ICICIBANK,311,425.68
CL0194,Arjun Gupta,CL0194@example.com,1255926131,14:54:09,BSE,S,TCS,61,2013.98
CL0194,Arjun Gupta,CL0194@example.com,1666706681,11:18:45,BSE,B,RELIANCE,23,574.31
CL0194,Arjun Gupta,CL0194@example.com,1400760411,14:43:11,NSE,B,BHARTIARTL,106,2975.38
CL0194,Arjun Gupta,CL0194@example.com,1527985600,14:08:57,BSE,B,TATAMOTORS,160,3315.99
CL0194,Arjun Gupta,CL0194@example.com,1360801139,11:59:14,BSE,B,HDFCBANK,223,415.19
CL0194,Arjun Gupta,CL0194@example.com,1389132161,11:39:06,NSE,S,WIPRO,485,1240.70
CL0195,Ishaan Patel,CL0195@example.com,1443421273,09:50:39,NSE,S,SBIN,364,433.96
CL0195,Ishaan Patel,CL0195@example.com,1792184869,10:51:46,NSE,B,BHARTIARTL,447,1256.31
CL0195,Ishaan Patel,CL0195@example.com,1838906898,09:39:55,BSE,S,SBIN,416,363.62
CL0195,Ishaan Patel,CL0195@example.com,1353389742,14:49:14,NSE,B,TATAMOTORS,294,1646.23
CL0195,Ishaan Patel,CL0195@example.com,1888535554,13:10:54,NSE,B,BHARTIARTL,133,2929.02
CL0196,Rohan Mehta,CL0196@example.com,1374557195,10:48:37,BSE,S,BHARTIARTL,2,334.80
CL0196,Rohan Mehta,CL0196@example.com,1690735283,10:26:03,NSE,B,INFY,371,1884.78
CL0196,Rohan Mehta,CL0196@example.com,1312276436,10:47:58,BSE,S,TATAMOTORS,129,3346.97
CL0196,Rohan Mehta,CL0196@example.com,1220901014,10:03:05,NSE,B,INFY,127,1387.09
CL0196,Rohan Mehta,CL0196@example.com,1252543851,13:33:13,BSE,B,HDFCBANK,361,2386.54
CL0197,Arjun Gupta,CL0197@example.com,1604636403,09:02:37,BSE,S,ICICIBANK,360,2302.47
CL0197,Arjun Gupta,CL0197@example.com,1978852844,12:45:33,NSE,S,TATAMOTORS,375,1518.82
CL0197,Arjun Gupta,CL0197@example.com,1877055738,10:39:25,BSE,S,INFY,360,1857.24
CL0197,Arjun Gupta,CL0197@example.com,1638945564,09:33:20,NSE,B,RELIANCE,160,1696.73
CL0197,Arjun Gupta,CL0197@example.com,1191573256,09:40:44,NSE,B,INFY,203,1880.39
CL0197,Arjun Gupta,CL0197@example.com,1317269811,10:19:07,BSE,S,TATAMOTORS,288,2447.05
CL0197,Arjun Gupta,CL0197@example.com,1440185690,14:24:18,NSE,B,RELIANCE,100,152.29
CL0198,Meera Sharma,CL0198@example.com,1862928070,11:32:39,BSE,B,TCS,313,3187.54
CL0198,Meera Sharma,CL0198@example.com,1478513459,14:26:16,NSE,S,RELIANCE,260,1477.95
CL0198,Meera Sharma,CL0198@example.com,1334905275,11:53:36,NSE,B,SBIN,203,2604.78
CL0198,Meera Sharma,CL0198@example.com,1738833260,14:17:45,NSE,S,BHARTIARTL,427,1830.79
CL0198,Meera Sharma,CL0198@example.com,1648218453,12:14:21,BSE,S,SBIN,51,3124.53
CL0198,Meera Sharma,CL0198@example.com,1169491117,14:23:56,BSE,S,ITC,448,3959.41
CL0198,Meera Sharma,CL0198@example.com,1737377844,12:02:35,NSE,S,INFY,154,3579.99
CL0198,Meera Sharma,CL0198@example.com,1660884138,11:58:02,BSE,B,TCS,409,2973.90
CL0198,Meera Sharma,CL0198@example.com,1850533062,13:34:21,BSE,B,ITC,492,220.74
CL0199,Ananya Iyer,CL0199@example.com,1271053175,12:01:51,NSE,B,SBIN,34,1038.68
CL0199,Ananya Iyer,CL0199@example.com,1577632210,10:50:54,NSE,S,ICICIBANK,55,1495.34
CL0199,Ananya Iyer,CL0199@example.com,1405895330,13:03:49,BSE,B,INFY,274,2255.67
CL0199,Ananya Iyer,CL0199@example.com,1276074632,13:36:13,NSE,S,INFY,387,3423.27
CL0199,Ananya Iyer,CL0199@example.com,1193059029,10:05:46,NSE,S,RELIANCE,30,825.19
CL0200,Vihaan Nair,CL0200@example.com,1385540368,13:36:43,NSE,B,HDFCBANK,104,3476.14
CL0200,Vihaan Nair,CL0200@example.com,1340649934,09:59:34,NSE,B,INFY,424,1050.50
CL0200,Vihaan Nair,CL0200@example.com,1427064943,09:47:26,BSE,B,TCS,312,2660.93
CL0200,Vihaan Nair,CL0200@example.com,1581104673,13:54:10,NSE,S,INFY,287,2394.07
CL0200,Vihaan Nair,CL0200@example.com,1444754741,14:05:11,NSE,B,WIPRO,46,2218.74
CL0200,Vihaan Nair,CL0200@example.com,1883096177,13:14:04,BSE,S,ITC,89,493.00
